質問ID,質問タイトル,質問文,政党名,回答,人数,候補者数,割合
0,取り組みたい分野,衆議院議員として最も取り組みたい分野を1つ選んでください。,立民,経済政策,41,147,0.2789115646258503
0,取り組みたい分野,衆議院議員として最も取り組みたい分野を1つ選んでください。,立民,子ども・教育政策,32,147,0.21768707482993196
0,取り組みたい分野,衆議院議員として最も取り組みたい分野を1つ選んでください。,立民,社会保障政策,20,147,0.1360544217687075
0,取り組みたい分野,衆議院議員として最も取り組みたい分野を1つ選んでください。,立民,政治とカネの問題など政治改革,19,147,0.1292517006802721
0,取り組みたい分野,衆議院議員として最も取り組みたい分野を1つ選んでください。,立民,地方の活性化,10,147,0.06802721088435375
0,取り組みたい分野,衆議院議員として最も取り組みたい分野を1つ選んでください。,立民,農林水産政策,10,147,0.06802721088435375
0,取り組みたい分野,衆議院議員として最も取り組みたい分野を1つ選んでください。,立民,その他,5,147,0.034013605442176874
0,取り組みたい分野,衆議院議員として最も取り組みたい分野を1つ選んでください。,立民,エネルギー・環境政策,3,147,0.02040816326530612
0,取り組みたい分野,衆議院議員として最も取り組みたい分野を1つ選んでください。,立民,外交・安全保障政策,3,147,0.02040816326530612
0,取り組みたい分野,衆議院議員として最も取り組みたい分野を1つ選んでください。,立民,災害対策,2,147,0.013605442176870748
0,取り組みたい分野,衆議院議員として最も取り組みたい分野を1つ選んでください。,立民,行財政改革,2,147,0.013605442176870748
0,取り組みたい分野,衆議院議員として最も取り組みたい分野を1つ選んでください。,自民,経済政策,80,179,0.44692737430167595
0,取り組みたい分野,衆議院議員として最も取り組みたい分野を1つ選んでください。,自民,地方の活性化,25,179,0.13966480446927373
0,取り組みたい分野,衆議院議員として最も取り組みたい分野を1つ選んでください。,自民,外交・安全保障政策,21,179,0.11731843575418995
0,取り組みたい分野,衆議院議員として最も取り組みたい分野を1つ選んでください。,自民,災害対策,10,179,0.055865921787709494
0,取り組みたい分野,衆議院議員として最も取り組みたい分野を1つ選んでください。,自民,農林水産政策,8,179,0.0446927374301676
0,取り組みたい分野,衆議院議員として最も取り組みたい分野を1つ選んでください。,自民,社会保障政策,8,179,0.0446927374301676
0,取り組みたい分野,衆議院議員として最も取り組みたい分野を1つ選んでください。,自民,子ども・教育政策,7,179,0.03910614525139665
0,取り組みたい分野,衆議院議員として最も取り組みたい分野を1つ選んでください。,自民,その他,6,179,0.0335195530726257
0,取り組みたい分野,衆議院議員として最も取り組みたい分野を1つ選んでください。,自民,政治とカネの問題など政治改革,5,179,0.027932960893854747
0,取り組みたい分野,衆議院議員として最も取り組みたい分野を1つ選んでください。,自民,回答しない,4,179,0.0223463687150838
0,取り組みたい分野,衆議院議員として最も取り組みたい分野を1つ選んでください。,自民,回答なし,2,179,0.0111731843575419
0,取り組みたい分野,衆議院議員として最も取り組みたい分野を1つ選んでください。,自民,憲法改正,2,179,0.0111731843575419
0,取り組みたい分野,衆議院議員として最も取り組みたい分野を1つ選んでください。,自民,エネルギー・環境政策,1,179,0.00558659217877095
0,取り組みたい分野,衆議院議員として最も取り組みたい分野を1つ選んでください。,国民,経済政策,19,27,0.7037037037037037
0,取り組みたい分野,衆議院議員として最も取り組みたい分野を1つ選んでください。,国民,社会保障政策,3,27,0.1111111111111111
0,取り組みたい分野,衆議院議員として最も取り組みたい分野を1つ選んでください。,国民,地方の活性化,2,27,0.07407407407407407
0,取り組みたい分野,衆議院議員として最も取り組みたい分野を1つ選んでください。,国民,外交・安全保障政策,1,27,0.037037037037037035
0,取り組みたい分野,衆議院議員として最も取り組みたい分野を1つ選んでください。,国民,子ども・教育政策,1,27,0.037037037037037035
0,取り組みたい分野,衆議院議員として最も取り組みたい分野を1つ選んでください。,国民,農林水産政策,1,27,0.037037037037037035
0,取り組みたい分野,衆議院議員として最も取り組みたい分野を1つ選んでください。,無,外交・安全保障政策,3,12,0.25
0,取り組みたい分野,衆議院議員として最も取り組みたい分野を1つ選んでください。,無,経済政策,3,12,0.25
0,取り組みたい分野,衆議院議員として最も取り組みたい分野を1つ選んでください。,無,政治とカネの問題など政治改革,2,12,0.16666666666666666
0,取り組みたい分野,衆議院議員として最も取り組みたい分野を1つ選んでください。,無,子ども・教育政策,2,12,0.16666666666666666
0,取り組みたい分野,衆議院議員として最も取り組みたい分野を1つ選んでください。,無,その他,1,12,0.08333333333333333
0,取り組みたい分野,衆議院議員として最も取り組みたい分野を1つ選んでください。,無,地方の活性化,1,12,0.08333333333333333
0,取り組みたい分野,衆議院議員として最も取り組みたい分野を1つ選んでください。,維新,子ども・教育政策,11,38,0.2894736842105263
0,取り組みたい分野,衆議院議員として最も取り組みたい分野を1つ選んでください。,維新,経済政策,9,38,0.23684210526315788
0,取り組みたい分野,衆議院議員として最も取り組みたい分野を1つ選んでください。,維新,政治とカネの問題など政治改革,6,38,0.15789473684210525
0,取り組みたい分野,衆議院議員として最も取り組みたい分野を1つ選んでください。,維新,行財政改革,4,38,0.10526315789473684
0,取り組みたい分野,衆議院議員として最も取り組みたい分野を1つ選んでください。,維新,社会保障政策,4,38,0.10526315789473684
0,取り組みたい分野,衆議院議員として最も取り組みたい分野を1つ選んでください。,維新,外交・安全保障政策,2,38,0.05263157894736842
0,取り組みたい分野,衆議院議員として最も取り組みたい分野を1つ選んでください。,維新,その他,1,38,0.02631578947368421
0,取り組みたい分野,衆議院議員として最も取り組みたい分野を1つ選んでください。,維新,エネルギー・環境政策,1,38,0.02631578947368421
0,取り組みたい分野,衆議院議員として最も取り組みたい分野を1つ選んでください。,れいわ,経済政策,7,7,1.0
0,取り組みたい分野,衆議院議員として最も取り組みたい分野を1つ選んでください。,公明,経済政策,2,4,0.5
0,取り組みたい分野,衆議院議員として最も取り組みたい分野を1つ選んでください。,公明,災害対策,2,4,0.5
0,取り組みたい分野,衆議院議員として最も取り組みたい分野を1つ選んでください。,保守,経済政策,1,1,1.0
0,取り組みたい分野,衆議院議員として最も取り組みたい分野を1つ選んでください。,参政,子ども・教育政策,1,1,1.0
0,取り組みたい分野,衆議院議員として最も取り組みたい分野を1つ選んでください。,共産,子ども・教育政策,1,2,0.5
0,取り組みたい分野,衆議院議員として最も取り組みたい分野を1つ選んでください。,共産,外交・安全保障政策,1,2,0.5
0,取り組みたい分野,衆議院議員として最も取り組みたい分野を1つ選んでください。,社民,外交・安全保障政策,1,1,1.0
1,改正政治資金規正法の効果,6月に成立した改正政治資金規正法は、議員への罰則強化や政治資金の透明化策などを盛り込んだ一方、政策活動費について10年後に領収書を公開する方法や、支出をチェックする第三者機関の設置などの制度設計が「検討事項」となっています。この改正法が、政治とカネの問題の再発防止にどの程度効果があると考えますか。,立民,まったくない,107,147,0.7278911564625851
1,改正政治資金規正法の効果,6月に成立した改正政治資金規正法は、議員への罰則強化や政治資金の透明化策などを盛り込んだ一方、政策活動費について10年後に領収書を公開する方法や、支出をチェックする第三者機関の設置などの制度設計が「検討事項」となっています。この改正法が、政治とカネの問題の再発防止にどの程度効果があると考えますか。,立民,あまりない,38,147,0.2585034013605442
1,改正政治資金規正法の効果,6月に成立した改正政治資金規正法は、議員への罰則強化や政治資金の透明化策などを盛り込んだ一方、政策活動費について10年後に領収書を公開する方法や、支出をチェックする第三者機関の設置などの制度設計が「検討事項」となっています。この改正法が、政治とカネの問題の再発防止にどの程度効果があると考えますか。,立民,ある程度ある,1,147,0.006802721088435374
1,改正政治資金規正法の効果,6月に成立した改正政治資金規正法は、議員への罰則強化や政治資金の透明化策などを盛り込んだ一方、政策活動費について10年後に領収書を公開する方法や、支出をチェックする第三者機関の設置などの制度設計が「検討事項」となっています。この改正法が、政治とカネの問題の再発防止にどの程度効果があると考えますか。,立民,大いにある,1,147,0.006802721088435374
1,改正政治資金規正法の効果,6月に成立した改正政治資金規正法は、議員への罰則強化や政治資金の透明化策などを盛り込んだ一方、政策活動費について10年後に領収書を公開する方法や、支出をチェックする第三者機関の設置などの制度設計が「検討事項」となっています。この改正法が、政治とカネの問題の再発防止にどの程度効果があると考えますか。,自民,ある程度ある,142,179,0.7932960893854749
1,改正政治資金規正法の効果,6月に成立した改正政治資金規正法は、議員への罰則強化や政治資金の透明化策などを盛り込んだ一方、政策活動費について10年後に領収書を公開する方法や、支出をチェックする第三者機関の設置などの制度設計が「検討事項」となっています。この改正法が、政治とカネの問題の再発防止にどの程度効果があると考えますか。,自民,大いにある,20,179,0.11173184357541899
1,改正政治資金規正法の効果,6月に成立した改正政治資金規正法は、議員への罰則強化や政治資金の透明化策などを盛り込んだ一方、政策活動費について10年後に領収書を公開する方法や、支出をチェックする第三者機関の設置などの制度設計が「検討事項」となっています。この改正法が、政治とカネの問題の再発防止にどの程度効果があると考えますか。,自民,回答しない,9,179,0.05027932960893855
1,改正政治資金規正法の効果,6月に成立した改正政治資金規正法は、議員への罰則強化や政治資金の透明化策などを盛り込んだ一方、政策活動費について10年後に領収書を公開する方法や、支出をチェックする第三者機関の設置などの制度設計が「検討事項」となっています。この改正法が、政治とカネの問題の再発防止にどの程度効果があると考えますか。,自民,あまりない,6,179,0.0335195530726257
1,改正政治資金規正法の効果,6月に成立した改正政治資金規正法は、議員への罰則強化や政治資金の透明化策などを盛り込んだ一方、政策活動費について10年後に領収書を公開する方法や、支出をチェックする第三者機関の設置などの制度設計が「検討事項」となっています。この改正法が、政治とカネの問題の再発防止にどの程度効果があると考えますか。,自民,回答なし,2,179,0.0111731843575419
1,改正政治資金規正法の効果,6月に成立した改正政治資金規正法は、議員への罰則強化や政治資金の透明化策などを盛り込んだ一方、政策活動費について10年後に領収書を公開する方法や、支出をチェックする第三者機関の設置などの制度設計が「検討事項」となっています。この改正法が、政治とカネの問題の再発防止にどの程度効果があると考えますか。,国民,まったくない,20,27,0.7407407407407407
1,改正政治資金規正法の効果,6月に成立した改正政治資金規正法は、議員への罰則強化や政治資金の透明化策などを盛り込んだ一方、政策活動費について10年後に領収書を公開する方法や、支出をチェックする第三者機関の設置などの制度設計が「検討事項」となっています。この改正法が、政治とカネの問題の再発防止にどの程度効果があると考えますか。,国民,あまりない,7,27,0.25925925925925924
1,改正政治資金規正法の効果,6月に成立した改正政治資金規正法は、議員への罰則強化や政治資金の透明化策などを盛り込んだ一方、政策活動費について10年後に領収書を公開する方法や、支出をチェックする第三者機関の設置などの制度設計が「検討事項」となっています。この改正法が、政治とカネの問題の再発防止にどの程度効果があると考えますか。,無,あまりない,4,12,0.3333333333333333
1,改正政治資金規正法の効果,6月に成立した改正政治資金規正法は、議員への罰則強化や政治資金の透明化策などを盛り込んだ一方、政策活動費について10年後に領収書を公開する方法や、支出をチェックする第三者機関の設置などの制度設計が「検討事項」となっています。この改正法が、政治とカネの問題の再発防止にどの程度効果があると考えますか。,無,ある程度ある,4,12,0.3333333333333333
1,改正政治資金規正法の効果,6月に成立した改正政治資金規正法は、議員への罰則強化や政治資金の透明化策などを盛り込んだ一方、政策活動費について10年後に領収書を公開する方法や、支出をチェックする第三者機関の設置などの制度設計が「検討事項」となっています。この改正法が、政治とカネの問題の再発防止にどの程度効果があると考えますか。,無,まったくない,3,12,0.25
1,改正政治資金規正法の効果,6月に成立した改正政治資金規正法は、議員への罰則強化や政治資金の透明化策などを盛り込んだ一方、政策活動費について10年後に領収書を公開する方法や、支出をチェックする第三者機関の設置などの制度設計が「検討事項」となっています。この改正法が、政治とカネの問題の再発防止にどの程度効果があると考えますか。,無,回答しない,1,12,0.08333333333333333
1,改正政治資金規正法の効果,6月に成立した改正政治資金規正法は、議員への罰則強化や政治資金の透明化策などを盛り込んだ一方、政策活動費について10年後に領収書を公開する方法や、支出をチェックする第三者機関の設置などの制度設計が「検討事項」となっています。この改正法が、政治とカネの問題の再発防止にどの程度効果があると考えますか。,維新,ある程度ある,26,38,0.6842105263157895
1,改正政治資金規正法の効果,6月に成立した改正政治資金規正法は、議員への罰則強化や政治資金の透明化策などを盛り込んだ一方、政策活動費について10年後に領収書を公開する方法や、支出をチェックする第三者機関の設置などの制度設計が「検討事項」となっています。この改正法が、政治とカネの問題の再発防止にどの程度効果があると考えますか。,維新,あまりない,9,38,0.23684210526315788
1,改正政治資金規正法の効果,6月に成立した改正政治資金規正法は、議員への罰則強化や政治資金の透明化策などを盛り込んだ一方、政策活動費について10年後に領収書を公開する方法や、支出をチェックする第三者機関の設置などの制度設計が「検討事項」となっています。この改正法が、政治とカネの問題の再発防止にどの程度効果があると考えますか。,維新,まったくない,3,38,0.07894736842105263
1,改正政治資金規正法の効果,6月に成立した改正政治資金規正法は、議員への罰則強化や政治資金の透明化策などを盛り込んだ一方、政策活動費について10年後に領収書を公開する方法や、支出をチェックする第三者機関の設置などの制度設計が「検討事項」となっています。この改正法が、政治とカネの問題の再発防止にどの程度効果があると考えますか。,れいわ,まったくない,7,7,1.0
1,改正政治資金規正法の効果,6月に成立した改正政治資金規正法は、議員への罰則強化や政治資金の透明化策などを盛り込んだ一方、政策活動費について10年後に領収書を公開する方法や、支出をチェックする第三者機関の設置などの制度設計が「検討事項」となっています。この改正法が、政治とカネの問題の再発防止にどの程度効果があると考えますか。,公明,ある程度ある,4,4,1.0
1,改正政治資金規正法の効果,6月に成立した改正政治資金規正法は、議員への罰則強化や政治資金の透明化策などを盛り込んだ一方、政策活動費について10年後に領収書を公開する方法や、支出をチェックする第三者機関の設置などの制度設計が「検討事項」となっています。この改正法が、政治とカネの問題の再発防止にどの程度効果があると考えますか。,保守,まったくない,1,1,1.0
1,改正政治資金規正法の効果,6月に成立した改正政治資金規正法は、議員への罰則強化や政治資金の透明化策などを盛り込んだ一方、政策活動費について10年後に領収書を公開する方法や、支出をチェックする第三者機関の設置などの制度設計が「検討事項」となっています。この改正法が、政治とカネの問題の再発防止にどの程度効果があると考えますか。,参政,回答しない,1,1,1.0
1,改正政治資金規正法の効果,6月に成立した改正政治資金規正法は、議員への罰則強化や政治資金の透明化策などを盛り込んだ一方、政策活動費について10年後に領収書を公開する方法や、支出をチェックする第三者機関の設置などの制度設計が「検討事項」となっています。この改正法が、政治とカネの問題の再発防止にどの程度効果があると考えますか。,共産,まったくない,2,2,1.0
1,改正政治資金規正法の効果,6月に成立した改正政治資金規正法は、議員への罰則強化や政治資金の透明化策などを盛り込んだ一方、政策活動費について10年後に領収書を公開する方法や、支出をチェックする第三者機関の設置などの制度設計が「検討事項」となっています。この改正法が、政治とカネの問題の再発防止にどの程度効果があると考えますか。,社民,まったくない,1,1,1.0
2,政策活動費廃止の賛否,党から議員に支給される「政策活動費」を廃止することに賛成ですか。反対ですか。,立民,賛成,144,147,0.9795918367346939
2,政策活動費廃止の賛否,党から議員に支給される「政策活動費」を廃止することに賛成ですか。反対ですか。,立民,回答しない,2,147,0.013605442176870748
2,政策活動費廃止の賛否,党から議員に支給される「政策活動費」を廃止することに賛成ですか。反対ですか。,立民,反対,1,147,0.006802721088435374
2,政策活動費廃止の賛否,党から議員に支給される「政策活動費」を廃止することに賛成ですか。反対ですか。,自民,賛成,95,179,0.5307262569832403
2,政策活動費廃止の賛否,党から議員に支給される「政策活動費」を廃止することに賛成ですか。反対ですか。,自民,回答しない,68,179,0.37988826815642457
2,政策活動費廃止の賛否,党から議員に支給される「政策活動費」を廃止することに賛成ですか。反対ですか。,自民,反対,14,179,0.0782122905027933
2,政策活動費廃止の賛否,党から議員に支給される「政策活動費」を廃止することに賛成ですか。反対ですか。,自民,回答なし,2,179,0.0111731843575419
2,政策活動費廃止の賛否,党から議員に支給される「政策活動費」を廃止することに賛成ですか。反対ですか。,国民,賛成,25,27,0.9259259259259259
2,政策活動費廃止の賛否,党から議員に支給される「政策活動費」を廃止することに賛成ですか。反対ですか。,国民,反対,2,27,0.07407407407407407
2,政策活動費廃止の賛否,党から議員に支給される「政策活動費」を廃止することに賛成ですか。反対ですか。,無,賛成,6,12,0.5
2,政策活動費廃止の賛否,党から議員に支給される「政策活動費」を廃止することに賛成ですか。反対ですか。,無,回答しない,5,12,0.4166666666666667
2,政策活動費廃止の賛否,党から議員に支給される「政策活動費」を廃止することに賛成ですか。反対ですか。,無,反対,1,12,0.08333333333333333
2,政策活動費廃止の賛否,党から議員に支給される「政策活動費」を廃止することに賛成ですか。反対ですか。,維新,賛成,37,38,0.9736842105263158
2,政策活動費廃止の賛否,党から議員に支給される「政策活動費」を廃止することに賛成ですか。反対ですか。,維新,回答しない,1,38,0.02631578947368421
2,政策活動費廃止の賛否,党から議員に支給される「政策活動費」を廃止することに賛成ですか。反対ですか。,れいわ,賛成,7,7,1.0
2,政策活動費廃止の賛否,党から議員に支給される「政策活動費」を廃止することに賛成ですか。反対ですか。,公明,賛成,4,4,1.0
2,政策活動費廃止の賛否,党から議員に支給される「政策活動費」を廃止することに賛成ですか。反対ですか。,保守,賛成,1,1,1.0
2,政策活動費廃止の賛否,党から議員に支給される「政策活動費」を廃止することに賛成ですか。反対ですか。,参政,回答しない,1,1,1.0
2,政策活動費廃止の賛否,党から議員に支給される「政策活動費」を廃止することに賛成ですか。反対ですか。,共産,賛成,2,2,1.0
2,政策活動費廃止の賛否,党から議員に支給される「政策活動費」を廃止することに賛成ですか。反対ですか。,社民,賛成,1,1,1.0
3,企業・団体献金禁止の賛否,「企業・団体献金」を禁止することに賛成ですか。反対ですか。,立民,賛成,135,147,0.9183673469387755
3,企業・団体献金禁止の賛否,「企業・団体献金」を禁止することに賛成ですか。反対ですか。,立民,回答しない,10,147,0.06802721088435375
3,企業・団体献金禁止の賛否,「企業・団体献金」を禁止することに賛成ですか。反対ですか。,立民,反対,2,147,0.013605442176870748
3,企業・団体献金禁止の賛否,「企業・団体献金」を禁止することに賛成ですか。反対ですか。,自民,反対,152,179,0.8491620111731844
3,企業・団体献金禁止の賛否,「企業・団体献金」を禁止することに賛成ですか。反対ですか。,自民,回答しない,22,179,0.12290502793296089
3,企業・団体献金禁止の賛否,「企業・団体献金」を禁止することに賛成ですか。反対ですか。,自民,賛成,3,179,0.01675977653631285
3,企業・団体献金禁止の賛否,「企業・団体献金」を禁止することに賛成ですか。反対ですか。,自民,回答なし,2,179,0.0111731843575419
3,企業・団体献金禁止の賛否,「企業・団体献金」を禁止することに賛成ですか。反対ですか。,国民,賛成,15,27,0.5555555555555556
3,企業・団体献金禁止の賛否,「企業・団体献金」を禁止することに賛成ですか。反対ですか。,国民,回答しない,6,27,0.2222222222222222
3,企業・団体献金禁止の賛否,「企業・団体献金」を禁止することに賛成ですか。反対ですか。,国民,反対,6,27,0.2222222222222222
3,企業・団体献金禁止の賛否,「企業・団体献金」を禁止することに賛成ですか。反対ですか。,無,賛成,5,12,0.4166666666666667
3,企業・団体献金禁止の賛否,「企業・団体献金」を禁止することに賛成ですか。反対ですか。,無,回答しない,4,12,0.3333333333333333
3,企業・団体献金禁止の賛否,「企業・団体献金」を禁止することに賛成ですか。反対ですか。,無,反対,3,12,0.25
3,企業・団体献金禁止の賛否,「企業・団体献金」を禁止することに賛成ですか。反対ですか。,維新,賛成,38,38,1.0
3,企業・団体献金禁止の賛否,「企業・団体献金」を禁止することに賛成ですか。反対ですか。,れいわ,賛成,7,7,1.0
3,企業・団体献金禁止の賛否,「企業・団体献金」を禁止することに賛成ですか。反対ですか。,公明,回答しない,3,4,0.75
3,企業・団体献金禁止の賛否,「企業・団体献金」を禁止することに賛成ですか。反対ですか。,公明,賛成,1,4,0.25
3,企業・団体献金禁止の賛否,「企業・団体献金」を禁止することに賛成ですか。反対ですか。,保守,賛成,1,1,1.0
3,企業・団体献金禁止の賛否,「企業・団体献金」を禁止することに賛成ですか。反対ですか。,参政,回答しない,1,1,1.0
3,企業・団体献金禁止の賛否,「企業・団体献金」を禁止することに賛成ですか。反対ですか。,共産,賛成,2,2,1.0
3,企業・団体献金禁止の賛否,「企業・団体献金」を禁止することに賛成ですか。反対ですか。,社民,賛成,1,1,1.0
4,物価高騰対策で最優先すべきこと,物価高騰対策として、いま政府が最優先で取り組むべきことは、次のうちどれだと考えますか。,立民,賃上げ環境の整備,53,147,0.36054421768707484
4,物価高騰対策で最優先すべきこと,物価高騰対策として、いま政府が最優先で取り組むべきことは、次のうちどれだと考えますか。,立民,家計への支援,51,147,0.3469387755102041
4,物価高騰対策で最優先すべきこと,物価高騰対策として、いま政府が最優先で取り組むべきことは、次のうちどれだと考えますか。,立民,減税,25,147,0.17006802721088435
4,物価高騰対策で最優先すべきこと,物価高騰対策として、いま政府が最優先で取り組むべきことは、次のうちどれだと考えますか。,立民,低所得世帯への支援,17,147,0.11564625850340136
4,物価高騰対策で最優先すべきこと,物価高騰対策として、いま政府が最優先で取り組むべきことは、次のうちどれだと考えますか。,立民,回答しない,1,147,0.006802721088435374
4,物価高騰対策で最優先すべきこと,物価高騰対策として、いま政府が最優先で取り組むべきことは、次のうちどれだと考えますか。,自民,賃上げ環境の整備,127,179,0.7094972067039106
4,物価高騰対策で最優先すべきこと,物価高騰対策として、いま政府が最優先で取り組むべきことは、次のうちどれだと考えますか。,自民,低所得世帯への支援,22,179,0.12290502793296089
4,物価高騰対策で最優先すべきこと,物価高騰対策として、いま政府が最優先で取り組むべきことは、次のうちどれだと考えますか。,自民,家計への支援,19,179,0.10614525139664804
4,物価高騰対策で最優先すべきこと,物価高騰対策として、いま政府が最優先で取り組むべきことは、次のうちどれだと考えますか。,自民,減税,4,179,0.0223463687150838
4,物価高騰対策で最優先すべきこと,物価高騰対策として、いま政府が最優先で取り組むべきことは、次のうちどれだと考えますか。,自民,回答しない,3,179,0.01675977653631285
4,物価高騰対策で最優先すべきこと,物価高騰対策として、いま政府が最優先で取り組むべきことは、次のうちどれだと考えますか。,自民,事業者への支援,2,179,0.0111731843575419
4,物価高騰対策で最優先すべきこと,物価高騰対策として、いま政府が最優先で取り組むべきことは、次のうちどれだと考えますか。,自民,回答なし,2,179,0.0111731843575419
4,物価高騰対策で最優先すべきこと,物価高騰対策として、いま政府が最優先で取り組むべきことは、次のうちどれだと考えますか。,国民,減税,11,27,0.4074074074074074
4,物価高騰対策で最優先すべきこと,物価高騰対策として、いま政府が最優先で取り組むべきことは、次のうちどれだと考えますか。,国民,賃上げ環境の整備,10,27,0.37037037037037035
4,物価高騰対策で最優先すべきこと,物価高騰対策として、いま政府が最優先で取り組むべきことは、次のうちどれだと考えますか。,国民,家計への支援,5,27,0.18518518518518517
4,物価高騰対策で最優先すべきこと,物価高騰対策として、いま政府が最優先で取り組むべきことは、次のうちどれだと考えますか。,国民,低所得世帯への支援,1,27,0.037037037037037035
4,物価高騰対策で最優先すべきこと,物価高騰対策として、いま政府が最優先で取り組むべきことは、次のうちどれだと考えますか。,無,賃上げ環境の整備,7,12,0.5833333333333334
4,物価高騰対策で最優先すべきこと,物価高騰対策として、いま政府が最優先で取り組むべきことは、次のうちどれだと考えますか。,無,低所得世帯への支援,3,12,0.25
4,物価高騰対策で最優先すべきこと,物価高騰対策として、いま政府が最優先で取り組むべきことは、次のうちどれだと考えますか。,無,家計への支援,1,12,0.08333333333333333
4,物価高騰対策で最優先すべきこと,物価高騰対策として、いま政府が最優先で取り組むべきことは、次のうちどれだと考えますか。,無,減税,1,12,0.08333333333333333
4,物価高騰対策で最優先すべきこと,物価高騰対策として、いま政府が最優先で取り組むべきことは、次のうちどれだと考えますか。,維新,減税,33,38,0.868421052631579
4,物価高騰対策で最優先すべきこと,物価高騰対策として、いま政府が最優先で取り組むべきことは、次のうちどれだと考えますか。,維新,賃上げ環境の整備,4,38,0.10526315789473684
4,物価高騰対策で最優先すべきこと,物価高騰対策として、いま政府が最優先で取り組むべきことは、次のうちどれだと考えますか。,維新,低所得世帯への支援,1,38,0.02631578947368421
4,物価高騰対策で最優先すべきこと,物価高騰対策として、いま政府が最優先で取り組むべきことは、次のうちどれだと考えますか。,れいわ,減税,7,7,1.0
4,物価高騰対策で最優先すべきこと,物価高騰対策として、いま政府が最優先で取り組むべきことは、次のうちどれだと考えますか。,公明,賃上げ環境の整備,2,4,0.5
4,物価高騰対策で最優先すべきこと,物価高騰対策として、いま政府が最優先で取り組むべきことは、次のうちどれだと考えますか。,公明,家計への支援,2,4,0.5
4,物価高騰対策で最優先すべきこと,物価高騰対策として、いま政府が最優先で取り組むべきことは、次のうちどれだと考えますか。,保守,減税,1,1,1.0
4,物価高騰対策で最優先すべきこと,物価高騰対策として、いま政府が最優先で取り組むべきことは、次のうちどれだと考えますか。,参政,減税,1,1,1.0
4,物価高騰対策で最優先すべきこと,物価高騰対策として、いま政府が最優先で取り組むべきことは、次のうちどれだと考えますか。,共産,賃上げ環境の整備,1,2,0.5
4,物価高騰対策で最優先すべきこと,物価高騰対策として、いま政府が最優先で取り組むべきことは、次のうちどれだと考えますか。,共産,減税,1,2,0.5
4,物価高騰対策で最優先すべきこと,物価高騰対策として、いま政府が最優先で取り組むべきことは、次のうちどれだと考えますか。,社民,減税,1,1,1.0
5,基礎的財政収支　黒字化への考え方,政府は、政策にあてる経費を借金に頼らず税収などでどれだけまかなえるかを示す「基礎的財政収支」を、来年度に黒字化する目標を掲げています。これについて、あなたの考えはどちらに近いですか。,立民,回答なし,118,147,0.8027210884353742
5,基礎的財政収支　黒字化への考え方,政府は、政策にあてる経費を借金に頼らず税収などでどれだけまかなえるかを示す「基礎的財政収支」を、来年度に黒字化する目標を掲げています。これについて、あなたの考えはどちらに近いですか。,立民,回答しない,29,147,0.19727891156462585
5,基礎的財政収支　黒字化への考え方,政府は、政策にあてる経費を借金に頼らず税収などでどれだけまかなえるかを示す「基礎的財政収支」を、来年度に黒字化する目標を掲げています。これについて、あなたの考えはどちらに近いですか。,自民,回答なし,135,179,0.7541899441340782
5,基礎的財政収支　黒字化への考え方,政府は、政策にあてる経費を借金に頼らず税収などでどれだけまかなえるかを示す「基礎的財政収支」を、来年度に黒字化する目標を掲げています。これについて、あなたの考えはどちらに近いですか。,自民,回答しない,44,179,0.24581005586592178
5,基礎的財政収支　黒字化への考え方,政府は、政策にあてる経費を借金に頼らず税収などでどれだけまかなえるかを示す「基礎的財政収支」を、来年度に黒字化する目標を掲げています。これについて、あなたの考えはどちらに近いですか。,国民,回答なし,26,27,0.9629629629629629
5,基礎的財政収支　黒字化への考え方,政府は、政策にあてる経費を借金に頼らず税収などでどれだけまかなえるかを示す「基礎的財政収支」を、来年度に黒字化する目標を掲げています。これについて、あなたの考えはどちらに近いですか。,国民,回答しない,1,27,0.037037037037037035
5,基礎的財政収支　黒字化への考え方,政府は、政策にあてる経費を借金に頼らず税収などでどれだけまかなえるかを示す「基礎的財政収支」を、来年度に黒字化する目標を掲げています。これについて、あなたの考えはどちらに近いですか。,無,回答なし,10,12,0.8333333333333334
5,基礎的財政収支　黒字化への考え方,政府は、政策にあてる経費を借金に頼らず税収などでどれだけまかなえるかを示す「基礎的財政収支」を、来年度に黒字化する目標を掲げています。これについて、あなたの考えはどちらに近いですか。,無,回答しない,2,12,0.16666666666666666
5,基礎的財政収支　黒字化への考え方,政府は、政策にあてる経費を借金に頼らず税収などでどれだけまかなえるかを示す「基礎的財政収支」を、来年度に黒字化する目標を掲げています。これについて、あなたの考えはどちらに近いですか。,維新,回答しない,27,38,0.7105263157894737
5,基礎的財政収支　黒字化への考え方,政府は、政策にあてる経費を借金に頼らず税収などでどれだけまかなえるかを示す「基礎的財政収支」を、来年度に黒字化する目標を掲げています。これについて、あなたの考えはどちらに近いですか。,維新,回答なし,11,38,0.2894736842105263
5,基礎的財政収支　黒字化への考え方,政府は、政策にあてる経費を借金に頼らず税収などでどれだけまかなえるかを示す「基礎的財政収支」を、来年度に黒字化する目標を掲げています。これについて、あなたの考えはどちらに近いですか。,れいわ,回答なし,7,7,1.0
5,基礎的財政収支　黒字化への考え方,政府は、政策にあてる経費を借金に頼らず税収などでどれだけまかなえるかを示す「基礎的財政収支」を、来年度に黒字化する目標を掲げています。これについて、あなたの考えはどちらに近いですか。,公明,回答なし,3,4,0.75
5,基礎的財政収支　黒字化への考え方,政府は、政策にあてる経費を借金に頼らず税収などでどれだけまかなえるかを示す「基礎的財政収支」を、来年度に黒字化する目標を掲げています。これについて、あなたの考えはどちらに近いですか。,公明,回答しない,1,4,0.25
5,基礎的財政収支　黒字化への考え方,政府は、政策にあてる経費を借金に頼らず税収などでどれだけまかなえるかを示す「基礎的財政収支」を、来年度に黒字化する目標を掲げています。これについて、あなたの考えはどちらに近いですか。,保守,回答なし,1,1,1.0
5,基礎的財政収支　黒字化への考え方,政府は、政策にあてる経費を借金に頼らず税収などでどれだけまかなえるかを示す「基礎的財政収支」を、来年度に黒字化する目標を掲げています。これについて、あなたの考えはどちらに近いですか。,参政,回答しない,1,1,1.0
5,基礎的財政収支　黒字化への考え方,政府は、政策にあてる経費を借金に頼らず税収などでどれだけまかなえるかを示す「基礎的財政収支」を、来年度に黒字化する目標を掲げています。これについて、あなたの考えはどちらに近いですか。,共産,回答しない,2,2,1.0
5,基礎的財政収支　黒字化への考え方,政府は、政策にあてる経費を借金に頼らず税収などでどれだけまかなえるかを示す「基礎的財政収支」を、来年度に黒字化する目標を掲げています。これについて、あなたの考えはどちらに近いですか。,社民,回答なし,1,1,1.0
6,大企業・富裕層への課税強化賛否,大企業や所得が多い人への課税を強化し、国の財源にあてることに賛成ですか。反対ですか。,立民,賛成,133,147,0.9047619047619048
6,大企業・富裕層への課税強化賛否,大企業や所得が多い人への課税を強化し、国の財源にあてることに賛成ですか。反対ですか。,立民,回答しない,13,147,0.08843537414965986
6,大企業・富裕層への課税強化賛否,大企業や所得が多い人への課税を強化し、国の財源にあてることに賛成ですか。反対ですか。,立民,反対,1,147,0.006802721088435374
6,大企業・富裕層への課税強化賛否,大企業や所得が多い人への課税を強化し、国の財源にあてることに賛成ですか。反対ですか。,自民,回答しない,94,179,0.5251396648044693
6,大企業・富裕層への課税強化賛否,大企業や所得が多い人への課税を強化し、国の財源にあてることに賛成ですか。反対ですか。,自民,賛成,46,179,0.2569832402234637
6,大企業・富裕層への課税強化賛否,大企業や所得が多い人への課税を強化し、国の財源にあてることに賛成ですか。反対ですか。,自民,反対,37,179,0.20670391061452514
6,大企業・富裕層への課税強化賛否,大企業や所得が多い人への課税を強化し、国の財源にあてることに賛成ですか。反対ですか。,自民,回答なし,2,179,0.0111731843575419
6,大企業・富裕層への課税強化賛否,大企業や所得が多い人への課税を強化し、国の財源にあてることに賛成ですか。反対ですか。,国民,賛成,17,27,0.6296296296296297
6,大企業・富裕層への課税強化賛否,大企業や所得が多い人への課税を強化し、国の財源にあてることに賛成ですか。反対ですか。,国民,回答しない,8,27,0.2962962962962963
6,大企業・富裕層への課税強化賛否,大企業や所得が多い人への課税を強化し、国の財源にあてることに賛成ですか。反対ですか。,国民,反対,2,27,0.07407407407407407
6,大企業・富裕層への課税強化賛否,大企業や所得が多い人への課税を強化し、国の財源にあてることに賛成ですか。反対ですか。,無,賛成,6,12,0.5
6,大企業・富裕層への課税強化賛否,大企業や所得が多い人への課税を強化し、国の財源にあてることに賛成ですか。反対ですか。,無,回答しない,4,12,0.3333333333333333
6,大企業・富裕層への課税強化賛否,大企業や所得が多い人への課税を強化し、国の財源にあてることに賛成ですか。反対ですか。,無,反対,2,12,0.16666666666666666
6,大企業・富裕層への課税強化賛否,大企業や所得が多い人への課税を強化し、国の財源にあてることに賛成ですか。反対ですか。,維新,反対,29,38,0.7631578947368421
6,大企業・富裕層への課税強化賛否,大企業や所得が多い人への課税を強化し、国の財源にあてることに賛成ですか。反対ですか。,維新,回答しない,7,38,0.18421052631578946
6,大企業・富裕層への課税強化賛否,大企業や所得が多い人への課税を強化し、国の財源にあてることに賛成ですか。反対ですか。,維新,賛成,2,38,0.05263157894736842
6,大企業・富裕層への課税強化賛否,大企業や所得が多い人への課税を強化し、国の財源にあてることに賛成ですか。反対ですか。,れいわ,賛成,7,7,1.0
6,大企業・富裕層への課税強化賛否,大企業や所得が多い人への課税を強化し、国の財源にあてることに賛成ですか。反対ですか。,公明,賛成,3,4,0.75
6,大企業・富裕層への課税強化賛否,大企業や所得が多い人への課税を強化し、国の財源にあてることに賛成ですか。反対ですか。,公明,回答しない,1,4,0.25
6,大企業・富裕層への課税強化賛否,大企業や所得が多い人への課税を強化し、国の財源にあてることに賛成ですか。反対ですか。,保守,反対,1,1,1.0
6,大企業・富裕層への課税強化賛否,大企業や所得が多い人への課税を強化し、国の財源にあてることに賛成ですか。反対ですか。,参政,回答しない,1,1,1.0
6,大企業・富裕層への課税強化賛否,大企業や所得が多い人への課税を強化し、国の財源にあてることに賛成ですか。反対ですか。,共産,賛成,2,2,1.0
6,大企業・富裕層への課税強化賛否,大企業や所得が多い人への課税を強化し、国の財源にあてることに賛成ですか。反対ですか。,社民,賛成,1,1,1.0
7,社会保険料負担への考え方,少子高齢化が進む中での社会保険料の負担のあり方について、あなたの考えに最も近いものはどれですか。,立民,所得が多い人の負担を増やすべき,114,147,0.7755102040816326
7,社会保険料負担への考え方,少子高齢化が進む中での社会保険料の負担のあり方について、あなたの考えに最も近いものはどれですか。,立民,その他,31,147,0.2108843537414966
7,社会保険料負担への考え方,少子高齢化が進む中での社会保険料の負担のあり方について、あなたの考えに最も近いものはどれですか。,立民,給付を抑制して、負担を増やさないようにすべき,2,147,0.013605442176870748
7,社会保険料負担への考え方,少子高齢化が進む中での社会保険料の負担のあり方について、あなたの考えに最も近いものはどれですか。,自民,その他,82,179,0.4581005586592179
7,社会保険料負担への考え方,少子高齢化が進む中での社会保険料の負担のあり方について、あなたの考えに最も近いものはどれですか。,自民,所得が多い人の負担を増やすべき,60,179,0.33519553072625696
7,社会保険料負担への考え方,少子高齢化が進む中での社会保険料の負担のあり方について、あなたの考えに最も近いものはどれですか。,自民,回答しない,21,179,0.11731843575418995
7,社会保険料負担への考え方,少子高齢化が進む中での社会保険料の負担のあり方について、あなたの考えに最も近いものはどれですか。,自民,給付を抑制して、負担を増やさないようにすべき,12,179,0.0670391061452514
7,社会保険料負担への考え方,少子高齢化が進む中での社会保険料の負担のあり方について、あなたの考えに最も近いものはどれですか。,自民,回答なし,2,179,0.0111731843575419
7,社会保険料負担への考え方,少子高齢化が進む中での社会保険料の負担のあり方について、あなたの考えに最も近いものはどれですか。,自民,高齢者の負担を増やすべき,2,179,0.0111731843575419
7,社会保険料負担への考え方,少子高齢化が進む中での社会保険料の負担のあり方について、あなたの考えに最も近いものはどれですか。,国民,所得が多い人の負担を増やすべき,13,27,0.48148148148148145
7,社会保険料負担への考え方,少子高齢化が進む中での社会保険料の負担のあり方について、あなたの考えに最も近いものはどれですか。,国民,その他,7,27,0.25925925925925924
7,社会保険料負担への考え方,少子高齢化が進む中での社会保険料の負担のあり方について、あなたの考えに最も近いものはどれですか。,国民,給付を抑制して、負担を増やさないようにすべき,7,27,0.25925925925925924
7,社会保険料負担への考え方,少子高齢化が進む中での社会保険料の負担のあり方について、あなたの考えに最も近いものはどれですか。,無,所得が多い人の負担を増やすべき,7,12,0.5833333333333334
7,社会保険料負担への考え方,少子高齢化が進む中での社会保険料の負担のあり方について、あなたの考えに最も近いものはどれですか。,無,その他,3,12,0.25
7,社会保険料負担への考え方,少子高齢化が進む中での社会保険料の負担のあり方について、あなたの考えに最も近いものはどれですか。,無,給付を抑制して、負担を増やさないようにすべき,2,12,0.16666666666666666
7,社会保険料負担への考え方,少子高齢化が進む中での社会保険料の負担のあり方について、あなたの考えに最も近いものはどれですか。,維新,その他,33,38,0.868421052631579
7,社会保険料負担への考え方,少子高齢化が進む中での社会保険料の負担のあり方について、あなたの考えに最も近いものはどれですか。,維新,給付を抑制して、負担を増やさないようにすべき,3,38,0.07894736842105263
7,社会保険料負担への考え方,少子高齢化が進む中での社会保険料の負担のあり方について、あなたの考えに最も近いものはどれですか。,維新,所得が多い人の負担を増やすべき,2,38,0.05263157894736842
7,社会保険料負担への考え方,少子高齢化が進む中での社会保険料の負担のあり方について、あなたの考えに最も近いものはどれですか。,れいわ,その他,7,7,1.0
7,社会保険料負担への考え方,少子高齢化が進む中での社会保険料の負担のあり方について、あなたの考えに最も近いものはどれですか。,公明,所得が多い人の負担を増やすべき,3,4,0.75
7,社会保険料負担への考え方,少子高齢化が進む中での社会保険料の負担のあり方について、あなたの考えに最も近いものはどれですか。,公明,その他,1,4,0.25
7,社会保険料負担への考え方,少子高齢化が進む中での社会保険料の負担のあり方について、あなたの考えに最も近いものはどれですか。,保守,その他,1,1,1.0
7,社会保険料負担への考え方,少子高齢化が進む中での社会保険料の負担のあり方について、あなたの考えに最も近いものはどれですか。,参政,回答しない,1,1,1.0
7,社会保険料負担への考え方,少子高齢化が進む中での社会保険料の負担のあり方について、あなたの考えに最も近いものはどれですか。,共産,所得が多い人の負担を増やすべき,2,2,1.0
7,社会保険料負担への考え方,少子高齢化が進む中での社会保険料の負担のあり方について、あなたの考えに最も近いものはどれですか。,社民,所得が多い人の負担を増やすべき,1,1,1.0
8,マイナ保険証で保険証廃止の是非,マイナンバーカードと保険証の一体化にともない、いまの健康保険証を12月に廃止する政府の方針についてどう考えますか。,立民,廃止すべきでない,78,147,0.5306122448979592
8,マイナ保険証で保険証廃止の是非,マイナンバーカードと保険証の一体化にともない、いまの健康保険証を12月に廃止する政府の方針についてどう考えますか。,立民,廃止時期を延期すべき,68,147,0.46258503401360546
8,マイナ保険証で保険証廃止の是非,マイナンバーカードと保険証の一体化にともない、いまの健康保険証を12月に廃止する政府の方針についてどう考えますか。,立民,回答しない,1,147,0.006802721088435374
8,マイナ保険証で保険証廃止の是非,マイナンバーカードと保険証の一体化にともない、いまの健康保険証を12月に廃止する政府の方針についてどう考えますか。,自民,方針通り廃止すべき,105,179,0.5865921787709497
8,マイナ保険証で保険証廃止の是非,マイナンバーカードと保険証の一体化にともない、いまの健康保険証を12月に廃止する政府の方針についてどう考えますか。,自民,廃止時期を延期すべき,45,179,0.25139664804469275
8,マイナ保険証で保険証廃止の是非,マイナンバーカードと保険証の一体化にともない、いまの健康保険証を12月に廃止する政府の方針についてどう考えますか。,自民,回答しない,25,179,0.13966480446927373
8,マイナ保険証で保険証廃止の是非,マイナンバーカードと保険証の一体化にともない、いまの健康保険証を12月に廃止する政府の方針についてどう考えますか。,自民,回答なし,2,179,0.0111731843575419
8,マイナ保険証で保険証廃止の是非,マイナンバーカードと保険証の一体化にともない、いまの健康保険証を12月に廃止する政府の方針についてどう考えますか。,自民,廃止すべきでない,2,179,0.0111731843575419
8,マイナ保険証で保険証廃止の是非,マイナンバーカードと保険証の一体化にともない、いまの健康保険証を12月に廃止する政府の方針についてどう考えますか。,国民,廃止時期を延期すべき,15,27,0.5555555555555556
8,マイナ保険証で保険証廃止の是非,マイナンバーカードと保険証の一体化にともない、いまの健康保険証を12月に廃止する政府の方針についてどう考えますか。,国民,方針通り廃止すべき,7,27,0.25925925925925924
8,マイナ保険証で保険証廃止の是非,マイナンバーカードと保険証の一体化にともない、いまの健康保険証を12月に廃止する政府の方針についてどう考えますか。,国民,回答しない,3,27,0.1111111111111111
8,マイナ保険証で保険証廃止の是非,マイナンバーカードと保険証の一体化にともない、いまの健康保険証を12月に廃止する政府の方針についてどう考えますか。,国民,廃止すべきでない,2,27,0.07407407407407407
8,マイナ保険証で保険証廃止の是非,マイナンバーカードと保険証の一体化にともない、いまの健康保険証を12月に廃止する政府の方針についてどう考えますか。,無,廃止時期を延期すべき,8,12,0.6666666666666666
8,マイナ保険証で保険証廃止の是非,マイナンバーカードと保険証の一体化にともない、いまの健康保険証を12月に廃止する政府の方針についてどう考えますか。,無,回答しない,2,12,0.16666666666666666
8,マイナ保険証で保険証廃止の是非,マイナンバーカードと保険証の一体化にともない、いまの健康保険証を12月に廃止する政府の方針についてどう考えますか。,無,廃止すべきでない,1,12,0.08333333333333333
8,マイナ保険証で保険証廃止の是非,マイナンバーカードと保険証の一体化にともない、いまの健康保険証を12月に廃止する政府の方針についてどう考えますか。,無,方針通り廃止すべき,1,12,0.08333333333333333
8,マイナ保険証で保険証廃止の是非,マイナンバーカードと保険証の一体化にともない、いまの健康保険証を12月に廃止する政府の方針についてどう考えますか。,維新,方針通り廃止すべき,29,38,0.7631578947368421
8,マイナ保険証で保険証廃止の是非,マイナンバーカードと保険証の一体化にともない、いまの健康保険証を12月に廃止する政府の方針についてどう考えますか。,維新,廃止時期を延期すべき,8,38,0.21052631578947367
8,マイナ保険証で保険証廃止の是非,マイナンバーカードと保険証の一体化にともない、いまの健康保険証を12月に廃止する政府の方針についてどう考えますか。,維新,回答しない,1,38,0.02631578947368421
8,マイナ保険証で保険証廃止の是非,マイナンバーカードと保険証の一体化にともない、いまの健康保険証を12月に廃止する政府の方針についてどう考えますか。,れいわ,廃止すべきでない,7,7,1.0
8,マイナ保険証で保険証廃止の是非,マイナンバーカードと保険証の一体化にともない、いまの健康保険証を12月に廃止する政府の方針についてどう考えますか。,公明,方針通り廃止すべき,3,4,0.75
8,マイナ保険証で保険証廃止の是非,マイナンバーカードと保険証の一体化にともない、いまの健康保険証を12月に廃止する政府の方針についてどう考えますか。,公明,廃止時期を延期すべき,1,4,0.25
8,マイナ保険証で保険証廃止の是非,マイナンバーカードと保険証の一体化にともない、いまの健康保険証を12月に廃止する政府の方針についてどう考えますか。,保守,廃止すべきでない,1,1,1.0
8,マイナ保険証で保険証廃止の是非,マイナンバーカードと保険証の一体化にともない、いまの健康保険証を12月に廃止する政府の方針についてどう考えますか。,参政,回答しない,1,1,1.0
8,マイナ保険証で保険証廃止の是非,マイナンバーカードと保険証の一体化にともない、いまの健康保険証を12月に廃止する政府の方針についてどう考えますか。,共産,廃止すべきでない,2,2,1.0
8,マイナ保険証で保険証廃止の是非,マイナンバーカードと保険証の一体化にともない、いまの健康保険証を12月に廃止する政府の方針についてどう考えますか。,社民,廃止すべきでない,1,1,1.0
9,少子化対策で最優先すべきこと,少子化対策として、いま政府が最優先で取り組むべきことは、次のうちどれだと考えますか。,立民,若者の所得向上や雇用環境の改善,83,147,0.564625850340136
9,少子化対策で最優先すべきこと,少子化対策として、いま政府が最優先で取り組むべきことは、次のうちどれだと考えますか。,立民,教育の実質無償化,37,147,0.25170068027210885
9,少子化対策で最優先すべきこと,少子化対策として、いま政府が最優先で取り組むべきことは、次のうちどれだと考えますか。,立民,子育て世帯に対する経済支援の強化,19,147,0.1292517006802721
9,少子化対策で最優先すべきこと,少子化対策として、いま政府が最優先で取り組むべきことは、次のうちどれだと考えますか。,立民,仕事と育児の両立に向けた働き方改革,5,147,0.034013605442176874
9,少子化対策で最優先すべきこと,少子化対策として、いま政府が最優先で取り組むべきことは、次のうちどれだと考えますか。,立民,回答しない,2,147,0.013605442176870748
9,少子化対策で最優先すべきこと,少子化対策として、いま政府が最優先で取り組むべきことは、次のうちどれだと考えますか。,立民,保育サービスの充実,1,147,0.006802721088435374
9,少子化対策で最優先すべきこと,少子化対策として、いま政府が最優先で取り組むべきことは、次のうちどれだと考えますか。,自民,若者の所得向上や雇用環境の改善,112,179,0.6256983240223464
9,少子化対策で最優先すべきこと,少子化対策として、いま政府が最優先で取り組むべきことは、次のうちどれだと考えますか。,自民,子育て世帯に対する経済支援の強化,31,179,0.17318435754189945
9,少子化対策で最優先すべきこと,少子化対策として、いま政府が最優先で取り組むべきことは、次のうちどれだと考えますか。,自民,仕事と育児の両立に向けた働き方改革,13,179,0.07262569832402235
9,少子化対策で最優先すべきこと,少子化対策として、いま政府が最優先で取り組むべきことは、次のうちどれだと考えますか。,自民,教育の実質無償化,8,179,0.0446927374301676
9,少子化対策で最優先すべきこと,少子化対策として、いま政府が最優先で取り組むべきことは、次のうちどれだと考えますか。,自民,回答しない,8,179,0.0446927374301676
9,少子化対策で最優先すべきこと,少子化対策として、いま政府が最優先で取り組むべきことは、次のうちどれだと考えますか。,自民,保育サービスの充実,5,179,0.027932960893854747
9,少子化対策で最優先すべきこと,少子化対策として、いま政府が最優先で取り組むべきことは、次のうちどれだと考えますか。,自民,回答なし,2,179,0.0111731843575419
9,少子化対策で最優先すべきこと,少子化対策として、いま政府が最優先で取り組むべきことは、次のうちどれだと考えますか。,国民,若者の所得向上や雇用環境の改善,13,27,0.48148148148148145
9,少子化対策で最優先すべきこと,少子化対策として、いま政府が最優先で取り組むべきことは、次のうちどれだと考えますか。,国民,教育の実質無償化,6,27,0.2222222222222222
9,少子化対策で最優先すべきこと,少子化対策として、いま政府が最優先で取り組むべきことは、次のうちどれだと考えますか。,国民,子育て世帯に対する経済支援の強化,6,27,0.2222222222222222
9,少子化対策で最優先すべきこと,少子化対策として、いま政府が最優先で取り組むべきことは、次のうちどれだと考えますか。,国民,仕事と育児の両立に向けた働き方改革,2,27,0.07407407407407407
9,少子化対策で最優先すべきこと,少子化対策として、いま政府が最優先で取り組むべきことは、次のうちどれだと考えますか。,無,若者の所得向上や雇用環境の改善,6,12,0.5
9,少子化対策で最優先すべきこと,少子化対策として、いま政府が最優先で取り組むべきことは、次のうちどれだと考えますか。,無,子育て世帯に対する経済支援の強化,3,12,0.25
9,少子化対策で最優先すべきこと,少子化対策として、いま政府が最優先で取り組むべきことは、次のうちどれだと考えますか。,無,仕事と育児の両立に向けた働き方改革,2,12,0.16666666666666666
9,少子化対策で最優先すべきこと,少子化対策として、いま政府が最優先で取り組むべきことは、次のうちどれだと考えますか。,無,教育の実質無償化,1,12,0.08333333333333333
9,少子化対策で最優先すべきこと,少子化対策として、いま政府が最優先で取り組むべきことは、次のうちどれだと考えますか。,維新,教育の実質無償化,28,38,0.7368421052631579
9,少子化対策で最優先すべきこと,少子化対策として、いま政府が最優先で取り組むべきことは、次のうちどれだと考えますか。,維新,若者の所得向上や雇用環境の改善,6,38,0.15789473684210525
9,少子化対策で最優先すべきこと,少子化対策として、いま政府が最優先で取り組むべきことは、次のうちどれだと考えますか。,維新,子育て世帯に対する経済支援の強化,3,38,0.07894736842105263
9,少子化対策で最優先すべきこと,少子化対策として、いま政府が最優先で取り組むべきことは、次のうちどれだと考えますか。,維新,回答しない,1,38,0.02631578947368421
9,少子化対策で最優先すべきこと,少子化対策として、いま政府が最優先で取り組むべきことは、次のうちどれだと考えますか。,れいわ,教育の実質無償化,4,7,0.5714285714285714
9,少子化対策で最優先すべきこと,少子化対策として、いま政府が最優先で取り組むべきことは、次のうちどれだと考えますか。,れいわ,子育て世帯に対する経済支援の強化,2,7,0.2857142857142857
9,少子化対策で最優先すべきこと,少子化対策として、いま政府が最優先で取り組むべきことは、次のうちどれだと考えますか。,れいわ,若者の所得向上や雇用環境の改善,1,7,0.14285714285714285
9,少子化対策で最優先すべきこと,少子化対策として、いま政府が最優先で取り組むべきことは、次のうちどれだと考えますか。,公明,若者の所得向上や雇用環境の改善,3,4,0.75
9,少子化対策で最優先すべきこと,少子化対策として、いま政府が最優先で取り組むべきことは、次のうちどれだと考えますか。,公明,仕事と育児の両立に向けた働き方改革,1,4,0.25
9,少子化対策で最優先すべきこと,少子化対策として、いま政府が最優先で取り組むべきことは、次のうちどれだと考えますか。,保守,若者の所得向上や雇用環境の改善,1,1,1.0
9,少子化対策で最優先すべきこと,少子化対策として、いま政府が最優先で取り組むべきことは、次のうちどれだと考えますか。,参政,回答しない,1,1,1.0
9,少子化対策で最優先すべきこと,少子化対策として、いま政府が最優先で取り組むべきことは、次のうちどれだと考えますか。,共産,教育の実質無償化,2,2,1.0
9,少子化対策で最優先すべきこと,少子化対策として、いま政府が最優先で取り組むべきことは、次のうちどれだと考えますか。,社民,若者の所得向上や雇用環境の改善,1,1,1.0
10,少子化対策の財源　誰が負担すべきか,少子化対策強化のための財源は、歳出改革に加え、主に誰が負担すべきだと考えますか。,立民,全世代の国民や企業が幅広く負担すべき,93,147,0.6326530612244898
10,少子化対策の財源　誰が負担すべきか,少子化対策強化のための財源は、歳出改革に加え、主に誰が負担すべきだと考えますか。,立民,所得が多い人や大企業が負担すべき,45,147,0.30612244897959184
10,少子化対策の財源　誰が負担すべきか,少子化対策強化のための財源は、歳出改革に加え、主に誰が負担すべきだと考えますか。,立民,回答しない,9,147,0.061224489795918366
10,少子化対策の財源　誰が負担すべきか,少子化対策強化のための財源は、歳出改革に加え、主に誰が負担すべきだと考えますか。,自民,全世代の国民や企業が幅広く負担すべき,140,179,0.7821229050279329
10,少子化対策の財源　誰が負担すべきか,少子化対策強化のための財源は、歳出改革に加え、主に誰が負担すべきだと考えますか。,自民,回答しない,24,179,0.1340782122905028
10,少子化対策の財源　誰が負担すべきか,少子化対策強化のための財源は、歳出改革に加え、主に誰が負担すべきだと考えますか。,自民,所得が多い人や大企業が負担すべき,10,179,0.055865921787709494
10,少子化対策の財源　誰が負担すべきか,少子化対策強化のための財源は、歳出改革に加え、主に誰が負担すべきだと考えますか。,自民,子ども世代が将来負担すべき,3,179,0.01675977653631285
10,少子化対策の財源　誰が負担すべきか,少子化対策強化のための財源は、歳出改革に加え、主に誰が負担すべきだと考えますか。,自民,回答なし,2,179,0.0111731843575419
10,少子化対策の財源　誰が負担すべきか,少子化対策強化のための財源は、歳出改革に加え、主に誰が負担すべきだと考えますか。,国民,全世代の国民や企業が幅広く負担すべき,19,27,0.7037037037037037
10,少子化対策の財源　誰が負担すべきか,少子化対策強化のための財源は、歳出改革に加え、主に誰が負担すべきだと考えますか。,国民,回答しない,5,27,0.18518518518518517
10,少子化対策の財源　誰が負担すべきか,少子化対策強化のための財源は、歳出改革に加え、主に誰が負担すべきだと考えますか。,国民,所得が多い人や大企業が負担すべき,2,27,0.07407407407407407
10,少子化対策の財源　誰が負担すべきか,少子化対策強化のための財源は、歳出改革に加え、主に誰が負担すべきだと考えますか。,国民,子ども世代が将来負担すべき,1,27,0.037037037037037035
10,少子化対策の財源　誰が負担すべきか,少子化対策強化のための財源は、歳出改革に加え、主に誰が負担すべきだと考えますか。,無,全世代の国民や企業が幅広く負担すべき,7,12,0.5833333333333334
10,少子化対策の財源　誰が負担すべきか,少子化対策強化のための財源は、歳出改革に加え、主に誰が負担すべきだと考えますか。,無,所得が多い人や大企業が負担すべき,2,12,0.16666666666666666
10,少子化対策の財源　誰が負担すべきか,少子化対策強化のための財源は、歳出改革に加え、主に誰が負担すべきだと考えますか。,無,回答しない,2,12,0.16666666666666666
10,少子化対策の財源　誰が負担すべきか,少子化対策強化のための財源は、歳出改革に加え、主に誰が負担すべきだと考えますか。,無,子ども世代が将来負担すべき,1,12,0.08333333333333333
10,少子化対策の財源　誰が負担すべきか,少子化対策強化のための財源は、歳出改革に加え、主に誰が負担すべきだと考えますか。,維新,回答しない,26,38,0.6842105263157895
10,少子化対策の財源　誰が負担すべきか,少子化対策強化のための財源は、歳出改革に加え、主に誰が負担すべきだと考えますか。,維新,全世代の国民や企業が幅広く負担すべき,11,38,0.2894736842105263
10,少子化対策の財源　誰が負担すべきか,少子化対策強化のための財源は、歳出改革に加え、主に誰が負担すべきだと考えますか。,維新,所得が多い人や大企業が負担すべき,1,38,0.02631578947368421
10,少子化対策の財源　誰が負担すべきか,少子化対策強化のための財源は、歳出改革に加え、主に誰が負担すべきだと考えますか。,れいわ,回答しない,7,7,1.0
10,少子化対策の財源　誰が負担すべきか,少子化対策強化のための財源は、歳出改革に加え、主に誰が負担すべきだと考えますか。,公明,全世代の国民や企業が幅広く負担すべき,3,4,0.75
10,少子化対策の財源　誰が負担すべきか,少子化対策強化のための財源は、歳出改革に加え、主に誰が負担すべきだと考えますか。,公明,所得が多い人や大企業が負担すべき,1,4,0.25
10,少子化対策の財源　誰が負担すべきか,少子化対策強化のための財源は、歳出改革に加え、主に誰が負担すべきだと考えますか。,保守,回答しない,1,1,1.0
10,少子化対策の財源　誰が負担すべきか,少子化対策強化のための財源は、歳出改革に加え、主に誰が負担すべきだと考えますか。,参政,回答しない,1,1,1.0
10,少子化対策の財源　誰が負担すべきか,少子化対策強化のための財源は、歳出改革に加え、主に誰が負担すべきだと考えますか。,共産,所得が多い人や大企業が負担すべき,2,2,1.0
10,少子化対策の財源　誰が負担すべきか,少子化対策強化のための財源は、歳出改革に加え、主に誰が負担すべきだと考えますか。,社民,所得が多い人や大企業が負担すべき,1,1,1.0
11,高校無償化　所得制限撤廃の賛否,高校の授業料無償化の所得制限についてどう考えますか。,立民,撤廃するべき,141,147,0.9591836734693877
11,高校無償化　所得制限撤廃の賛否,高校の授業料無償化の所得制限についてどう考えますか。,立民,撤廃する必要はない,3,147,0.02040816326530612
11,高校無償化　所得制限撤廃の賛否,高校の授業料無償化の所得制限についてどう考えますか。,立民,回答しない,3,147,0.02040816326530612
11,高校無償化　所得制限撤廃の賛否,高校の授業料無償化の所得制限についてどう考えますか。,自民,撤廃するべき,82,179,0.4581005586592179
11,高校無償化　所得制限撤廃の賛否,高校の授業料無償化の所得制限についてどう考えますか。,自民,撤廃する必要はない,58,179,0.3240223463687151
11,高校無償化　所得制限撤廃の賛否,高校の授業料無償化の所得制限についてどう考えますか。,自民,回答しない,37,179,0.20670391061452514
11,高校無償化　所得制限撤廃の賛否,高校の授業料無償化の所得制限についてどう考えますか。,自民,回答なし,2,179,0.0111731843575419
11,高校無償化　所得制限撤廃の賛否,高校の授業料無償化の所得制限についてどう考えますか。,国民,撤廃するべき,26,27,0.9629629629629629
11,高校無償化　所得制限撤廃の賛否,高校の授業料無償化の所得制限についてどう考えますか。,国民,撤廃する必要はない,1,27,0.037037037037037035
11,高校無償化　所得制限撤廃の賛否,高校の授業料無償化の所得制限についてどう考えますか。,無,撤廃するべき,6,12,0.5
11,高校無償化　所得制限撤廃の賛否,高校の授業料無償化の所得制限についてどう考えますか。,無,撤廃する必要はない,4,12,0.3333333333333333
11,高校無償化　所得制限撤廃の賛否,高校の授業料無償化の所得制限についてどう考えますか。,無,回答しない,2,12,0.16666666666666666
11,高校無償化　所得制限撤廃の賛否,高校の授業料無償化の所得制限についてどう考えますか。,維新,撤廃するべき,38,38,1.0
11,高校無償化　所得制限撤廃の賛否,高校の授業料無償化の所得制限についてどう考えますか。,れいわ,撤廃するべき,7,7,1.0
11,高校無償化　所得制限撤廃の賛否,高校の授業料無償化の所得制限についてどう考えますか。,公明,撤廃するべき,4,4,1.0
11,高校無償化　所得制限撤廃の賛否,高校の授業料無償化の所得制限についてどう考えますか。,保守,撤廃するべき,1,1,1.0
11,高校無償化　所得制限撤廃の賛否,高校の授業料無償化の所得制限についてどう考えますか。,参政,撤廃するべき,1,1,1.0
11,高校無償化　所得制限撤廃の賛否,高校の授業料無償化の所得制限についてどう考えますか。,共産,撤廃するべき,2,2,1.0
11,高校無償化　所得制限撤廃の賛否,高校の授業料無償化の所得制限についてどう考えますか。,社民,撤廃するべき,1,1,1.0
12,防衛力強化　5年間で43兆円の是非,政府は、5年間で43兆円程度の防衛費を確保する方針で防衛力の抜本的強化を進めています。これについてどう考えますか。,立民,回答なし,120,147,0.8163265306122449
12,防衛力強化　5年間で43兆円の是非,政府は、5年間で43兆円程度の防衛費を確保する方針で防衛力の抜本的強化を進めています。これについてどう考えますか。,立民,強化する必要はない,23,147,0.1564625850340136
12,防衛力強化　5年間で43兆円の是非,政府は、5年間で43兆円程度の防衛費を確保する方針で防衛力の抜本的強化を進めています。これについてどう考えますか。,立民,回答しない,3,147,0.02040816326530612
12,防衛力強化　5年間で43兆円の是非,政府は、5年間で43兆円程度の防衛費を確保する方針で防衛力の抜本的強化を進めています。これについてどう考えますか。,立民,今の程度でよい,1,147,0.006802721088435374
12,防衛力強化　5年間で43兆円の是非,政府は、5年間で43兆円程度の防衛費を確保する方針で防衛力の抜本的強化を進めています。これについてどう考えますか。,自民,今の程度でよい,113,179,0.6312849162011173
12,防衛力強化　5年間で43兆円の是非,政府は、5年間で43兆円程度の防衛費を確保する方針で防衛力の抜本的強化を進めています。これについてどう考えますか。,自民,さらに強化すべき,38,179,0.2122905027932961
12,防衛力強化　5年間で43兆円の是非,政府は、5年間で43兆円程度の防衛費を確保する方針で防衛力の抜本的強化を進めています。これについてどう考えますか。,自民,回答なし,21,179,0.11731843575418995
12,防衛力強化　5年間で43兆円の是非,政府は、5年間で43兆円程度の防衛費を確保する方針で防衛力の抜本的強化を進めています。これについてどう考えますか。,自民,回答しない,7,179,0.03910614525139665
12,防衛力強化　5年間で43兆円の是非,政府は、5年間で43兆円程度の防衛費を確保する方針で防衛力の抜本的強化を進めています。これについてどう考えますか。,国民,回答なし,15,27,0.5555555555555556
12,防衛力強化　5年間で43兆円の是非,政府は、5年間で43兆円程度の防衛費を確保する方針で防衛力の抜本的強化を進めています。これについてどう考えますか。,国民,今の程度でよい,7,27,0.25925925925925924
12,防衛力強化　5年間で43兆円の是非,政府は、5年間で43兆円程度の防衛費を確保する方針で防衛力の抜本的強化を進めています。これについてどう考えますか。,国民,回答しない,2,27,0.07407407407407407
12,防衛力強化　5年間で43兆円の是非,政府は、5年間で43兆円程度の防衛費を確保する方針で防衛力の抜本的強化を進めています。これについてどう考えますか。,国民,さらに強化すべき,2,27,0.07407407407407407
12,防衛力強化　5年間で43兆円の是非,政府は、5年間で43兆円程度の防衛費を確保する方針で防衛力の抜本的強化を進めています。これについてどう考えますか。,国民,強化する必要はない,1,27,0.037037037037037035
12,防衛力強化　5年間で43兆円の是非,政府は、5年間で43兆円程度の防衛費を確保する方針で防衛力の抜本的強化を進めています。これについてどう考えますか。,無,回答なし,5,12,0.4166666666666667
12,防衛力強化　5年間で43兆円の是非,政府は、5年間で43兆円程度の防衛費を確保する方針で防衛力の抜本的強化を進めています。これについてどう考えますか。,無,今の程度でよい,4,12,0.3333333333333333
12,防衛力強化　5年間で43兆円の是非,政府は、5年間で43兆円程度の防衛費を確保する方針で防衛力の抜本的強化を進めています。これについてどう考えますか。,無,さらに強化すべき,2,12,0.16666666666666666
12,防衛力強化　5年間で43兆円の是非,政府は、5年間で43兆円程度の防衛費を確保する方針で防衛力の抜本的強化を進めています。これについてどう考えますか。,無,回答しない,1,12,0.08333333333333333
12,防衛力強化　5年間で43兆円の是非,政府は、5年間で43兆円程度の防衛費を確保する方針で防衛力の抜本的強化を進めています。これについてどう考えますか。,維新,今の程度でよい,27,38,0.7105263157894737
12,防衛力強化　5年間で43兆円の是非,政府は、5年間で43兆円程度の防衛費を確保する方針で防衛力の抜本的強化を進めています。これについてどう考えますか。,維新,回答なし,7,38,0.18421052631578946
12,防衛力強化　5年間で43兆円の是非,政府は、5年間で43兆円程度の防衛費を確保する方針で防衛力の抜本的強化を進めています。これについてどう考えますか。,維新,さらに強化すべき,4,38,0.10526315789473684
12,防衛力強化　5年間で43兆円の是非,政府は、5年間で43兆円程度の防衛費を確保する方針で防衛力の抜本的強化を進めています。これについてどう考えますか。,れいわ,強化する必要はない,7,7,1.0
12,防衛力強化　5年間で43兆円の是非,政府は、5年間で43兆円程度の防衛費を確保する方針で防衛力の抜本的強化を進めています。これについてどう考えますか。,公明,回答なし,2,4,0.5
12,防衛力強化　5年間で43兆円の是非,政府は、5年間で43兆円程度の防衛費を確保する方針で防衛力の抜本的強化を進めています。これについてどう考えますか。,公明,今の程度でよい,2,4,0.5
12,防衛力強化　5年間で43兆円の是非,政府は、5年間で43兆円程度の防衛費を確保する方針で防衛力の抜本的強化を進めています。これについてどう考えますか。,保守,回答なし,1,1,1.0
12,防衛力強化　5年間で43兆円の是非,政府は、5年間で43兆円程度の防衛費を確保する方針で防衛力の抜本的強化を進めています。これについてどう考えますか。,参政,回答しない,1,1,1.0
12,防衛力強化　5年間で43兆円の是非,政府は、5年間で43兆円程度の防衛費を確保する方針で防衛力の抜本的強化を進めています。これについてどう考えますか。,共産,強化する必要はない,2,2,1.0
12,防衛力強化　5年間で43兆円の是非,政府は、5年間で43兆円程度の防衛費を確保する方針で防衛力の抜本的強化を進めています。これについてどう考えますか。,社民,強化する必要はない,1,1,1.0
13,防衛増税の賛否,防衛費増額の財源をまかなうための増税に賛成ですか。反対ですか。,立民,反対,143,147,0.9727891156462585
13,防衛増税の賛否,防衛費増額の財源をまかなうための増税に賛成ですか。反対ですか。,立民,回答しない,3,147,0.02040816326530612
13,防衛増税の賛否,防衛費増額の財源をまかなうための増税に賛成ですか。反対ですか。,立民,賛成,1,147,0.006802721088435374
13,防衛増税の賛否,防衛費増額の財源をまかなうための増税に賛成ですか。反対ですか。,自民,賛成,82,179,0.4581005586592179
13,防衛増税の賛否,防衛費増額の財源をまかなうための増税に賛成ですか。反対ですか。,自民,回答しない,63,179,0.35195530726256985
13,防衛増税の賛否,防衛費増額の財源をまかなうための増税に賛成ですか。反対ですか。,自民,反対,32,179,0.1787709497206704
13,防衛増税の賛否,防衛費増額の財源をまかなうための増税に賛成ですか。反対ですか。,自民,回答なし,2,179,0.0111731843575419
13,防衛増税の賛否,防衛費増額の財源をまかなうための増税に賛成ですか。反対ですか。,国民,反対,25,27,0.9259259259259259
13,防衛増税の賛否,防衛費増額の財源をまかなうための増税に賛成ですか。反対ですか。,国民,回答しない,2,27,0.07407407407407407
13,防衛増税の賛否,防衛費増額の財源をまかなうための増税に賛成ですか。反対ですか。,無,反対,6,12,0.5
13,防衛増税の賛否,防衛費増額の財源をまかなうための増税に賛成ですか。反対ですか。,無,賛成,4,12,0.3333333333333333
13,防衛増税の賛否,防衛費増額の財源をまかなうための増税に賛成ですか。反対ですか。,無,回答しない,2,12,0.16666666666666666
13,防衛増税の賛否,防衛費増額の財源をまかなうための増税に賛成ですか。反対ですか。,維新,反対,37,38,0.9736842105263158
13,防衛増税の賛否,防衛費増額の財源をまかなうための増税に賛成ですか。反対ですか。,維新,回答しない,1,38,0.02631578947368421
13,防衛増税の賛否,防衛費増額の財源をまかなうための増税に賛成ですか。反対ですか。,れいわ,反対,7,7,1.0
13,防衛増税の賛否,防衛費増額の財源をまかなうための増税に賛成ですか。反対ですか。,公明,賛成,2,4,0.5
13,防衛増税の賛否,防衛費増額の財源をまかなうための増税に賛成ですか。反対ですか。,公明,反対,1,4,0.25
13,防衛増税の賛否,防衛費増額の財源をまかなうための増税に賛成ですか。反対ですか。,公明,回答しない,1,4,0.25
13,防衛増税の賛否,防衛費増額の財源をまかなうための増税に賛成ですか。反対ですか。,保守,反対,1,1,1.0
13,防衛増税の賛否,防衛費増額の財源をまかなうための増税に賛成ですか。反対ですか。,参政,回答しない,1,1,1.0
13,防衛増税の賛否,防衛費増額の財源をまかなうための増税に賛成ですか。反対ですか。,共産,反対,2,2,1.0
13,防衛増税の賛否,防衛費増額の財源をまかなうための増税に賛成ですか。反対ですか。,社民,反対,1,1,1.0
14,非核三原則をどうすべきか,核兵器について「持たず、作らず、持ち込ませず」と定めている「非核三原則」についてどう考えますか。,立民,維持すべき,147,147,1.0
14,非核三原則をどうすべきか,核兵器について「持たず、作らず、持ち込ませず」と定めている「非核三原則」についてどう考えますか。,自民,維持すべき,118,179,0.659217877094972
14,非核三原則をどうすべきか,核兵器について「持たず、作らず、持ち込ませず」と定めている「非核三原則」についてどう考えますか。,自民,回答しない,34,179,0.18994413407821228
14,非核三原則をどうすべきか,核兵器について「持たず、作らず、持ち込ませず」と定めている「非核三原則」についてどう考えますか。,自民,見直すべき,25,179,0.13966480446927373
14,非核三原則をどうすべきか,核兵器について「持たず、作らず、持ち込ませず」と定めている「非核三原則」についてどう考えますか。,自民,回答なし,2,179,0.0111731843575419
14,非核三原則をどうすべきか,核兵器について「持たず、作らず、持ち込ませず」と定めている「非核三原則」についてどう考えますか。,国民,維持すべき,21,27,0.7777777777777778
14,非核三原則をどうすべきか,核兵器について「持たず、作らず、持ち込ませず」と定めている「非核三原則」についてどう考えますか。,国民,回答しない,4,27,0.14814814814814814
14,非核三原則をどうすべきか,核兵器について「持たず、作らず、持ち込ませず」と定めている「非核三原則」についてどう考えますか。,国民,見直すべき,2,27,0.07407407407407407
14,非核三原則をどうすべきか,核兵器について「持たず、作らず、持ち込ませず」と定めている「非核三原則」についてどう考えますか。,無,維持すべき,6,12,0.5
14,非核三原則をどうすべきか,核兵器について「持たず、作らず、持ち込ませず」と定めている「非核三原則」についてどう考えますか。,無,回答しない,4,12,0.3333333333333333
14,非核三原則をどうすべきか,核兵器について「持たず、作らず、持ち込ませず」と定めている「非核三原則」についてどう考えますか。,無,見直すべき,2,12,0.16666666666666666
14,非核三原則をどうすべきか,核兵器について「持たず、作らず、持ち込ませず」と定めている「非核三原則」についてどう考えますか。,維新,見直すべき,27,38,0.7105263157894737
14,非核三原則をどうすべきか,核兵器について「持たず、作らず、持ち込ませず」と定めている「非核三原則」についてどう考えますか。,維新,維持すべき,6,38,0.15789473684210525
14,非核三原則をどうすべきか,核兵器について「持たず、作らず、持ち込ませず」と定めている「非核三原則」についてどう考えますか。,維新,回答しない,5,38,0.13157894736842105
14,非核三原則をどうすべきか,核兵器について「持たず、作らず、持ち込ませず」と定めている「非核三原則」についてどう考えますか。,れいわ,維持すべき,7,7,1.0
14,非核三原則をどうすべきか,核兵器について「持たず、作らず、持ち込ませず」と定めている「非核三原則」についてどう考えますか。,公明,維持すべき,4,4,1.0
14,非核三原則をどうすべきか,核兵器について「持たず、作らず、持ち込ませず」と定めている「非核三原則」についてどう考えますか。,保守,維持すべき,1,1,1.0
14,非核三原則をどうすべきか,核兵器について「持たず、作らず、持ち込ませず」と定めている「非核三原則」についてどう考えますか。,参政,回答しない,1,1,1.0
14,非核三原則をどうすべきか,核兵器について「持たず、作らず、持ち込ませず」と定めている「非核三原則」についてどう考えますか。,共産,維持すべき,2,2,1.0
14,非核三原則をどうすべきか,核兵器について「持たず、作らず、持ち込ませず」と定めている「非核三原則」についてどう考えますか。,社民,維持すべき,1,1,1.0
15,憲法改正の要否,今の憲法を改正する必要があると考えますか。必要はないと考えますか。,立民,必要はない,94,147,0.6394557823129252
15,憲法改正の要否,今の憲法を改正する必要があると考えますか。必要はないと考えますか。,立民,必要がある,27,147,0.1836734693877551
15,憲法改正の要否,今の憲法を改正する必要があると考えますか。必要はないと考えますか。,立民,回答しない,26,147,0.17687074829931973
15,憲法改正の要否,今の憲法を改正する必要があると考えますか。必要はないと考えますか。,自民,必要がある,175,179,0.9776536312849162
15,憲法改正の要否,今の憲法を改正する必要があると考えますか。必要はないと考えますか。,自民,回答なし,2,179,0.0111731843575419
15,憲法改正の要否,今の憲法を改正する必要があると考えますか。必要はないと考えますか。,自民,回答しない,2,179,0.0111731843575419
15,憲法改正の要否,今の憲法を改正する必要があると考えますか。必要はないと考えますか。,国民,必要がある,24,27,0.8888888888888888
15,憲法改正の要否,今の憲法を改正する必要があると考えますか。必要はないと考えますか。,国民,回答しない,2,27,0.07407407407407407
15,憲法改正の要否,今の憲法を改正する必要があると考えますか。必要はないと考えますか。,国民,必要はない,1,27,0.037037037037037035
15,憲法改正の要否,今の憲法を改正する必要があると考えますか。必要はないと考えますか。,無,必要がある,10,12,0.8333333333333334
15,憲法改正の要否,今の憲法を改正する必要があると考えますか。必要はないと考えますか。,無,回答しない,2,12,0.16666666666666666
15,憲法改正の要否,今の憲法を改正する必要があると考えますか。必要はないと考えますか。,維新,必要がある,38,38,1.0
15,憲法改正の要否,今の憲法を改正する必要があると考えますか。必要はないと考えますか。,れいわ,必要はない,7,7,1.0
15,憲法改正の要否,今の憲法を改正する必要があると考えますか。必要はないと考えますか。,公明,必要がある,3,4,0.75
15,憲法改正の要否,今の憲法を改正する必要があると考えますか。必要はないと考えますか。,公明,必要はない,1,4,0.25
15,憲法改正の要否,今の憲法を改正する必要があると考えますか。必要はないと考えますか。,保守,必要がある,1,1,1.0
15,憲法改正の要否,今の憲法を改正する必要があると考えますか。必要はないと考えますか。,参政,回答しない,1,1,1.0
15,憲法改正の要否,今の憲法を改正する必要があると考えますか。必要はないと考えますか。,共産,必要はない,2,2,1.0
15,憲法改正の要否,今の憲法を改正する必要があると考えますか。必要はないと考えますか。,社民,必要はない,1,1,1.0
16,自衛隊明記で9条改正の賛否,憲法9条を改正し、自衛隊を明記することに賛成ですか。反対ですか。,立民,反対,130,147,0.8843537414965986
16,自衛隊明記で9条改正の賛否,憲法9条を改正し、自衛隊を明記することに賛成ですか。反対ですか。,立民,回答しない,12,147,0.08163265306122448
16,自衛隊明記で9条改正の賛否,憲法9条を改正し、自衛隊を明記することに賛成ですか。反対ですか。,立民,賛成,5,147,0.034013605442176874
16,自衛隊明記で9条改正の賛否,憲法9条を改正し、自衛隊を明記することに賛成ですか。反対ですか。,自民,賛成,170,179,0.9497206703910615
16,自衛隊明記で9条改正の賛否,憲法9条を改正し、自衛隊を明記することに賛成ですか。反対ですか。,自民,回答しない,7,179,0.03910614525139665
16,自衛隊明記で9条改正の賛否,憲法9条を改正し、自衛隊を明記することに賛成ですか。反対ですか。,自民,回答なし,2,179,0.0111731843575419
16,自衛隊明記で9条改正の賛否,憲法9条を改正し、自衛隊を明記することに賛成ですか。反対ですか。,国民,賛成,13,27,0.48148148148148145
16,自衛隊明記で9条改正の賛否,憲法9条を改正し、自衛隊を明記することに賛成ですか。反対ですか。,国民,回答しない,9,27,0.3333333333333333
16,自衛隊明記で9条改正の賛否,憲法9条を改正し、自衛隊を明記することに賛成ですか。反対ですか。,国民,反対,5,27,0.18518518518518517
16,自衛隊明記で9条改正の賛否,憲法9条を改正し、自衛隊を明記することに賛成ですか。反対ですか。,無,賛成,7,12,0.5833333333333334
16,自衛隊明記で9条改正の賛否,憲法9条を改正し、自衛隊を明記することに賛成ですか。反対ですか。,無,回答しない,4,12,0.3333333333333333
16,自衛隊明記で9条改正の賛否,憲法9条を改正し、自衛隊を明記することに賛成ですか。反対ですか。,無,反対,1,12,0.08333333333333333
16,自衛隊明記で9条改正の賛否,憲法9条を改正し、自衛隊を明記することに賛成ですか。反対ですか。,維新,賛成,35,38,0.9210526315789473
16,自衛隊明記で9条改正の賛否,憲法9条を改正し、自衛隊を明記することに賛成ですか。反対ですか。,維新,回答しない,3,38,0.07894736842105263
16,自衛隊明記で9条改正の賛否,憲法9条を改正し、自衛隊を明記することに賛成ですか。反対ですか。,れいわ,反対,7,7,1.0
16,自衛隊明記で9条改正の賛否,憲法9条を改正し、自衛隊を明記することに賛成ですか。反対ですか。,公明,回答しない,3,4,0.75
16,自衛隊明記で9条改正の賛否,憲法9条を改正し、自衛隊を明記することに賛成ですか。反対ですか。,公明,反対,1,4,0.25
16,自衛隊明記で9条改正の賛否,憲法9条を改正し、自衛隊を明記することに賛成ですか。反対ですか。,保守,賛成,1,1,1.0
16,自衛隊明記で9条改正の賛否,憲法9条を改正し、自衛隊を明記することに賛成ですか。反対ですか。,参政,回答しない,1,1,1.0
16,自衛隊明記で9条改正の賛否,憲法9条を改正し、自衛隊を明記することに賛成ですか。反対ですか。,共産,反対,2,2,1.0
16,自衛隊明記で9条改正の賛否,憲法9条を改正し、自衛隊を明記することに賛成ですか。反対ですか。,社民,反対,1,1,1.0
17,緊急事態条項創設で憲法改正の賛否,大規模な災害やテロなどの緊急事態が発生したときに、政府の権限を一時的に強めたり、国会議員の任期を延長したりする「緊急事態条項」を、憲法を改正して設けることに賛成ですか。反対ですか。,立民,反対,136,147,0.9251700680272109
17,緊急事態条項創設で憲法改正の賛否,大規模な災害やテロなどの緊急事態が発生したときに、政府の権限を一時的に強めたり、国会議員の任期を延長したりする「緊急事態条項」を、憲法を改正して設けることに賛成ですか。反対ですか。,立民,回答しない,10,147,0.06802721088435375
17,緊急事態条項創設で憲法改正の賛否,大規模な災害やテロなどの緊急事態が発生したときに、政府の権限を一時的に強めたり、国会議員の任期を延長したりする「緊急事態条項」を、憲法を改正して設けることに賛成ですか。反対ですか。,立民,賛成,1,147,0.006802721088435374
17,緊急事態条項創設で憲法改正の賛否,大規模な災害やテロなどの緊急事態が発生したときに、政府の権限を一時的に強めたり、国会議員の任期を延長したりする「緊急事態条項」を、憲法を改正して設けることに賛成ですか。反対ですか。,自民,賛成,169,179,0.9441340782122905
17,緊急事態条項創設で憲法改正の賛否,大規模な災害やテロなどの緊急事態が発生したときに、政府の権限を一時的に強めたり、国会議員の任期を延長したりする「緊急事態条項」を、憲法を改正して設けることに賛成ですか。反対ですか。,自民,回答しない,8,179,0.0446927374301676
17,緊急事態条項創設で憲法改正の賛否,大規模な災害やテロなどの緊急事態が発生したときに、政府の権限を一時的に強めたり、国会議員の任期を延長したりする「緊急事態条項」を、憲法を改正して設けることに賛成ですか。反対ですか。,自民,回答なし,2,179,0.0111731843575419
17,緊急事態条項創設で憲法改正の賛否,大規模な災害やテロなどの緊急事態が発生したときに、政府の権限を一時的に強めたり、国会議員の任期を延長したりする「緊急事態条項」を、憲法を改正して設けることに賛成ですか。反対ですか。,国民,賛成,19,27,0.7037037037037037
17,緊急事態条項創設で憲法改正の賛否,大規模な災害やテロなどの緊急事態が発生したときに、政府の権限を一時的に強めたり、国会議員の任期を延長したりする「緊急事態条項」を、憲法を改正して設けることに賛成ですか。反対ですか。,国民,反対,4,27,0.14814814814814814
17,緊急事態条項創設で憲法改正の賛否,大規模な災害やテロなどの緊急事態が発生したときに、政府の権限を一時的に強めたり、国会議員の任期を延長したりする「緊急事態条項」を、憲法を改正して設けることに賛成ですか。反対ですか。,国民,回答しない,4,27,0.14814814814814814
17,緊急事態条項創設で憲法改正の賛否,大規模な災害やテロなどの緊急事態が発生したときに、政府の権限を一時的に強めたり、国会議員の任期を延長したりする「緊急事態条項」を、憲法を改正して設けることに賛成ですか。反対ですか。,無,賛成,6,12,0.5
17,緊急事態条項創設で憲法改正の賛否,大規模な災害やテロなどの緊急事態が発生したときに、政府の権限を一時的に強めたり、国会議員の任期を延長したりする「緊急事態条項」を、憲法を改正して設けることに賛成ですか。反対ですか。,無,回答しない,4,12,0.3333333333333333
17,緊急事態条項創設で憲法改正の賛否,大規模な災害やテロなどの緊急事態が発生したときに、政府の権限を一時的に強めたり、国会議員の任期を延長したりする「緊急事態条項」を、憲法を改正して設けることに賛成ですか。反対ですか。,無,反対,2,12,0.16666666666666666
17,緊急事態条項創設で憲法改正の賛否,大規模な災害やテロなどの緊急事態が発生したときに、政府の権限を一時的に強めたり、国会議員の任期を延長したりする「緊急事態条項」を、憲法を改正して設けることに賛成ですか。反対ですか。,維新,賛成,34,38,0.8947368421052632
17,緊急事態条項創設で憲法改正の賛否,大規模な災害やテロなどの緊急事態が発生したときに、政府の権限を一時的に強めたり、国会議員の任期を延長したりする「緊急事態条項」を、憲法を改正して設けることに賛成ですか。反対ですか。,維新,回答しない,3,38,0.07894736842105263
17,緊急事態条項創設で憲法改正の賛否,大規模な災害やテロなどの緊急事態が発生したときに、政府の権限を一時的に強めたり、国会議員の任期を延長したりする「緊急事態条項」を、憲法を改正して設けることに賛成ですか。反対ですか。,維新,反対,1,38,0.02631578947368421
17,緊急事態条項創設で憲法改正の賛否,大規模な災害やテロなどの緊急事態が発生したときに、政府の権限を一時的に強めたり、国会議員の任期を延長したりする「緊急事態条項」を、憲法を改正して設けることに賛成ですか。反対ですか。,れいわ,反対,7,7,1.0
17,緊急事態条項創設で憲法改正の賛否,大規模な災害やテロなどの緊急事態が発生したときに、政府の権限を一時的に強めたり、国会議員の任期を延長したりする「緊急事態条項」を、憲法を改正して設けることに賛成ですか。反対ですか。,公明,賛成,3,4,0.75
17,緊急事態条項創設で憲法改正の賛否,大規模な災害やテロなどの緊急事態が発生したときに、政府の権限を一時的に強めたり、国会議員の任期を延長したりする「緊急事態条項」を、憲法を改正して設けることに賛成ですか。反対ですか。,公明,回答しない,1,4,0.25
17,緊急事態条項創設で憲法改正の賛否,大規模な災害やテロなどの緊急事態が発生したときに、政府の権限を一時的に強めたり、国会議員の任期を延長したりする「緊急事態条項」を、憲法を改正して設けることに賛成ですか。反対ですか。,保守,回答しない,1,1,1.0
17,緊急事態条項創設で憲法改正の賛否,大規模な災害やテロなどの緊急事態が発生したときに、政府の権限を一時的に強めたり、国会議員の任期を延長したりする「緊急事態条項」を、憲法を改正して設けることに賛成ですか。反対ですか。,参政,反対,1,1,1.0
17,緊急事態条項創設で憲法改正の賛否,大規模な災害やテロなどの緊急事態が発生したときに、政府の権限を一時的に強めたり、国会議員の任期を延長したりする「緊急事態条項」を、憲法を改正して設けることに賛成ですか。反対ですか。,共産,反対,2,2,1.0
17,緊急事態条項創設で憲法改正の賛否,大規模な災害やテロなどの緊急事態が発生したときに、政府の権限を一時的に強めたり、国会議員の任期を延長したりする「緊急事態条項」を、憲法を改正して設けることに賛成ですか。反対ですか。,社民,反対,1,1,1.0
18,女性天皇の賛否,女性が天皇になるのを認めることに賛成ですか。反対ですか。,立民,賛成,132,147,0.8979591836734694
18,女性天皇の賛否,女性が天皇になるのを認めることに賛成ですか。反対ですか。,立民,回答しない,13,147,0.08843537414965986
18,女性天皇の賛否,女性が天皇になるのを認めることに賛成ですか。反対ですか。,立民,反対,2,147,0.013605442176870748
18,女性天皇の賛否,女性が天皇になるのを認めることに賛成ですか。反対ですか。,自民,回答しない,71,179,0.39664804469273746
18,女性天皇の賛否,女性が天皇になるのを認めることに賛成ですか。反対ですか。,自民,賛成,55,179,0.30726256983240224
18,女性天皇の賛否,女性が天皇になるのを認めることに賛成ですか。反対ですか。,自民,反対,51,179,0.2849162011173184
18,女性天皇の賛否,女性が天皇になるのを認めることに賛成ですか。反対ですか。,自民,回答なし,2,179,0.0111731843575419
18,女性天皇の賛否,女性が天皇になるのを認めることに賛成ですか。反対ですか。,国民,賛成,20,27,0.7407407407407407
18,女性天皇の賛否,女性が天皇になるのを認めることに賛成ですか。反対ですか。,国民,回答しない,5,27,0.18518518518518517
18,女性天皇の賛否,女性が天皇になるのを認めることに賛成ですか。反対ですか。,国民,反対,2,27,0.07407407407407407
18,女性天皇の賛否,女性が天皇になるのを認めることに賛成ですか。反対ですか。,無,回答しない,7,12,0.5833333333333334
18,女性天皇の賛否,女性が天皇になるのを認めることに賛成ですか。反対ですか。,無,賛成,3,12,0.25
18,女性天皇の賛否,女性が天皇になるのを認めることに賛成ですか。反対ですか。,無,反対,2,12,0.16666666666666666
18,女性天皇の賛否,女性が天皇になるのを認めることに賛成ですか。反対ですか。,維新,回答しない,28,38,0.7368421052631579
18,女性天皇の賛否,女性が天皇になるのを認めることに賛成ですか。反対ですか。,維新,賛成,7,38,0.18421052631578946
18,女性天皇の賛否,女性が天皇になるのを認めることに賛成ですか。反対ですか。,維新,反対,3,38,0.07894736842105263
18,女性天皇の賛否,女性が天皇になるのを認めることに賛成ですか。反対ですか。,れいわ,回答しない,7,7,1.0
18,女性天皇の賛否,女性が天皇になるのを認めることに賛成ですか。反対ですか。,公明,賛成,2,4,0.5
18,女性天皇の賛否,女性が天皇になるのを認めることに賛成ですか。反対ですか。,公明,回答しない,1,4,0.25
18,女性天皇の賛否,女性が天皇になるのを認めることに賛成ですか。反対ですか。,公明,反対,1,4,0.25
18,女性天皇の賛否,女性が天皇になるのを認めることに賛成ですか。反対ですか。,保守,回答しない,1,1,1.0
18,女性天皇の賛否,女性が天皇になるのを認めることに賛成ですか。反対ですか。,参政,回答しない,1,1,1.0
18,女性天皇の賛否,女性が天皇になるのを認めることに賛成ですか。反対ですか。,共産,賛成,2,2,1.0
18,女性天皇の賛否,女性が天皇になるのを認めることに賛成ですか。反対ですか。,社民,賛成,1,1,1.0
19,女系天皇が皇位を継承すること賛否,女性天皇の子どもが皇位を継承すること、つまり「女系」の天皇を認めることに賛成ですか。反対ですか。,立民,賛成,74,147,0.5034013605442177
19,女系天皇が皇位を継承すること賛否,女性天皇の子どもが皇位を継承すること、つまり「女系」の天皇を認めることに賛成ですか。反対ですか。,立民,反対,39,147,0.2653061224489796
19,女系天皇が皇位を継承すること賛否,女性天皇の子どもが皇位を継承すること、つまり「女系」の天皇を認めることに賛成ですか。反対ですか。,立民,回答しない,34,147,0.23129251700680273
19,女系天皇が皇位を継承すること賛否,女性天皇の子どもが皇位を継承すること、つまり「女系」の天皇を認めることに賛成ですか。反対ですか。,自民,反対,136,179,0.7597765363128491
19,女系天皇が皇位を継承すること賛否,女性天皇の子どもが皇位を継承すること、つまり「女系」の天皇を認めることに賛成ですか。反対ですか。,自民,回答しない,37,179,0.20670391061452514
19,女系天皇が皇位を継承すること賛否,女性天皇の子どもが皇位を継承すること、つまり「女系」の天皇を認めることに賛成ですか。反対ですか。,自民,賛成,4,179,0.0223463687150838
19,女系天皇が皇位を継承すること賛否,女性天皇の子どもが皇位を継承すること、つまり「女系」の天皇を認めることに賛成ですか。反対ですか。,自民,回答なし,2,179,0.0111731843575419
19,女系天皇が皇位を継承すること賛否,女性天皇の子どもが皇位を継承すること、つまり「女系」の天皇を認めることに賛成ですか。反対ですか。,国民,反対,15,27,0.5555555555555556
19,女系天皇が皇位を継承すること賛否,女性天皇の子どもが皇位を継承すること、つまり「女系」の天皇を認めることに賛成ですか。反対ですか。,国民,回答しない,10,27,0.37037037037037035
19,女系天皇が皇位を継承すること賛否,女性天皇の子どもが皇位を継承すること、つまり「女系」の天皇を認めることに賛成ですか。反対ですか。,国民,賛成,2,27,0.07407407407407407
19,女系天皇が皇位を継承すること賛否,女性天皇の子どもが皇位を継承すること、つまり「女系」の天皇を認めることに賛成ですか。反対ですか。,無,反対,7,12,0.5833333333333334
19,女系天皇が皇位を継承すること賛否,女性天皇の子どもが皇位を継承すること、つまり「女系」の天皇を認めることに賛成ですか。反対ですか。,無,回答しない,3,12,0.25
19,女系天皇が皇位を継承すること賛否,女性天皇の子どもが皇位を継承すること、つまり「女系」の天皇を認めることに賛成ですか。反対ですか。,無,賛成,2,12,0.16666666666666666
19,女系天皇が皇位を継承すること賛否,女性天皇の子どもが皇位を継承すること、つまり「女系」の天皇を認めることに賛成ですか。反対ですか。,維新,反対,34,38,0.8947368421052632
19,女系天皇が皇位を継承すること賛否,女性天皇の子どもが皇位を継承すること、つまり「女系」の天皇を認めることに賛成ですか。反対ですか。,維新,回答しない,2,38,0.05263157894736842
19,女系天皇が皇位を継承すること賛否,女性天皇の子どもが皇位を継承すること、つまり「女系」の天皇を認めることに賛成ですか。反対ですか。,維新,賛成,2,38,0.05263157894736842
19,女系天皇が皇位を継承すること賛否,女性天皇の子どもが皇位を継承すること、つまり「女系」の天皇を認めることに賛成ですか。反対ですか。,れいわ,回答しない,7,7,1.0
19,女系天皇が皇位を継承すること賛否,女性天皇の子どもが皇位を継承すること、つまり「女系」の天皇を認めることに賛成ですか。反対ですか。,公明,反対,2,4,0.5
19,女系天皇が皇位を継承すること賛否,女性天皇の子どもが皇位を継承すること、つまり「女系」の天皇を認めることに賛成ですか。反対ですか。,公明,回答しない,1,4,0.25
19,女系天皇が皇位を継承すること賛否,女性天皇の子どもが皇位を継承すること、つまり「女系」の天皇を認めることに賛成ですか。反対ですか。,公明,賛成,1,4,0.25
19,女系天皇が皇位を継承すること賛否,女性天皇の子どもが皇位を継承すること、つまり「女系」の天皇を認めることに賛成ですか。反対ですか。,保守,反対,1,1,1.0
19,女系天皇が皇位を継承すること賛否,女性天皇の子どもが皇位を継承すること、つまり「女系」の天皇を認めることに賛成ですか。反対ですか。,参政,反対,1,1,1.0
19,女系天皇が皇位を継承すること賛否,女性天皇の子どもが皇位を継承すること、つまり「女系」の天皇を認めることに賛成ですか。反対ですか。,共産,賛成,2,2,1.0
19,女系天皇が皇位を継承すること賛否,女性天皇の子どもが皇位を継承すること、つまり「女系」の天皇を認めることに賛成ですか。反対ですか。,社民,賛成,1,1,1.0
20,原子力発電の依存度をどうすべきか,原子力発電への依存度を今後どうすべきだと考えますか。,立民,下げるべき,95,147,0.6462585034013606
20,原子力発電の依存度をどうすべきか,原子力発電への依存度を今後どうすべきだと考えますか。,立民,ゼロにすべき,45,147,0.30612244897959184
20,原子力発電の依存度をどうすべきか,原子力発電への依存度を今後どうすべきだと考えますか。,立民,今の程度でよい,4,147,0.027210884353741496
20,原子力発電の依存度をどうすべきか,原子力発電への依存度を今後どうすべきだと考えますか。,立民,回答しない,3,147,0.02040816326530612
20,原子力発電の依存度をどうすべきか,原子力発電への依存度を今後どうすべきだと考えますか。,自民,今の程度でよい,80,179,0.44692737430167595
20,原子力発電の依存度をどうすべきか,原子力発電への依存度を今後どうすべきだと考えますか。,自民,高めるべき,52,179,0.2905027932960894
20,原子力発電の依存度をどうすべきか,原子力発電への依存度を今後どうすべきだと考えますか。,自民,下げるべき,23,179,0.12849162011173185
20,原子力発電の依存度をどうすべきか,原子力発電への依存度を今後どうすべきだと考えますか。,自民,回答しない,22,179,0.12290502793296089
20,原子力発電の依存度をどうすべきか,原子力発電への依存度を今後どうすべきだと考えますか。,自民,回答なし,2,179,0.0111731843575419
20,原子力発電の依存度をどうすべきか,原子力発電への依存度を今後どうすべきだと考えますか。,国民,今の程度でよい,9,27,0.3333333333333333
20,原子力発電の依存度をどうすべきか,原子力発電への依存度を今後どうすべきだと考えますか。,国民,高めるべき,7,27,0.25925925925925924
20,原子力発電の依存度をどうすべきか,原子力発電への依存度を今後どうすべきだと考えますか。,国民,下げるべき,7,27,0.25925925925925924
20,原子力発電の依存度をどうすべきか,原子力発電への依存度を今後どうすべきだと考えますか。,国民,回答しない,4,27,0.14814814814814814
20,原子力発電の依存度をどうすべきか,原子力発電への依存度を今後どうすべきだと考えますか。,無,今の程度でよい,4,12,0.3333333333333333
20,原子力発電の依存度をどうすべきか,原子力発電への依存度を今後どうすべきだと考えますか。,無,下げるべき,3,12,0.25
20,原子力発電の依存度をどうすべきか,原子力発電への依存度を今後どうすべきだと考えますか。,無,高めるべき,3,12,0.25
20,原子力発電の依存度をどうすべきか,原子力発電への依存度を今後どうすべきだと考えますか。,無,回答しない,2,12,0.16666666666666666
20,原子力発電の依存度をどうすべきか,原子力発電への依存度を今後どうすべきだと考えますか。,維新,今の程度でよい,25,38,0.6578947368421053
20,原子力発電の依存度をどうすべきか,原子力発電への依存度を今後どうすべきだと考えますか。,維新,下げるべき,6,38,0.15789473684210525
20,原子力発電の依存度をどうすべきか,原子力発電への依存度を今後どうすべきだと考えますか。,維新,高めるべき,5,38,0.13157894736842105
20,原子力発電の依存度をどうすべきか,原子力発電への依存度を今後どうすべきだと考えますか。,維新,ゼロにすべき,1,38,0.02631578947368421
20,原子力発電の依存度をどうすべきか,原子力発電への依存度を今後どうすべきだと考えますか。,維新,回答しない,1,38,0.02631578947368421
20,原子力発電の依存度をどうすべきか,原子力発電への依存度を今後どうすべきだと考えますか。,れいわ,ゼロにすべき,7,7,1.0
20,原子力発電の依存度をどうすべきか,原子力発電への依存度を今後どうすべきだと考えますか。,公明,下げるべき,3,4,0.75
20,原子力発電の依存度をどうすべきか,原子力発電への依存度を今後どうすべきだと考えますか。,公明,今の程度でよい,1,4,0.25
20,原子力発電の依存度をどうすべきか,原子力発電への依存度を今後どうすべきだと考えますか。,保守,回答しない,1,1,1.0
20,原子力発電の依存度をどうすべきか,原子力発電への依存度を今後どうすべきだと考えますか。,参政,回答しない,1,1,1.0
20,原子力発電の依存度をどうすべきか,原子力発電への依存度を今後どうすべきだと考えますか。,共産,ゼロにすべき,2,2,1.0
20,原子力発電の依存度をどうすべきか,原子力発電への依存度を今後どうすべきだと考えますか。,社民,ゼロにすべき,1,1,1.0
21,再エネの割合をどうすべきか,電源構成に占める再生可能エネルギーの割合を今後どうすべきだと考えますか。,立民,主力電源とするべき,105,147,0.7142857142857143
21,再エネの割合をどうすべきか,電源構成に占める再生可能エネルギーの割合を今後どうすべきだと考えますか。,立民,すべての電源を再エネでまかなうべき,34,147,0.23129251700680273
21,再エネの割合をどうすべきか,電源構成に占める再生可能エネルギーの割合を今後どうすべきだと考えますか。,立民,今の程度でよい,5,147,0.034013605442176874
21,再エネの割合をどうすべきか,電源構成に占める再生可能エネルギーの割合を今後どうすべきだと考えますか。,立民,回答しない,3,147,0.02040816326530612
21,再エネの割合をどうすべきか,電源構成に占める再生可能エネルギーの割合を今後どうすべきだと考えますか。,自民,主力電源とするべき,79,179,0.441340782122905
21,再エネの割合をどうすべきか,電源構成に占める再生可能エネルギーの割合を今後どうすべきだと考えますか。,自民,今の程度でよい,65,179,0.36312849162011174
21,再エネの割合をどうすべきか,電源構成に占める再生可能エネルギーの割合を今後どうすべきだと考えますか。,自民,回答しない,31,179,0.17318435754189945
21,再エネの割合をどうすべきか,電源構成に占める再生可能エネルギーの割合を今後どうすべきだと考えますか。,自民,回答なし,2,179,0.0111731843575419
21,再エネの割合をどうすべきか,電源構成に占める再生可能エネルギーの割合を今後どうすべきだと考えますか。,自民,減らすべき,2,179,0.0111731843575419
21,再エネの割合をどうすべきか,電源構成に占める再生可能エネルギーの割合を今後どうすべきだと考えますか。,国民,今の程度でよい,12,27,0.4444444444444444
21,再エネの割合をどうすべきか,電源構成に占める再生可能エネルギーの割合を今後どうすべきだと考えますか。,国民,主力電源とするべき,10,27,0.37037037037037035
21,再エネの割合をどうすべきか,電源構成に占める再生可能エネルギーの割合を今後どうすべきだと考えますか。,国民,回答しない,4,27,0.14814814814814814
21,再エネの割合をどうすべきか,電源構成に占める再生可能エネルギーの割合を今後どうすべきだと考えますか。,国民,減らすべき,1,27,0.037037037037037035
21,再エネの割合をどうすべきか,電源構成に占める再生可能エネルギーの割合を今後どうすべきだと考えますか。,無,今の程度でよい,6,12,0.5
21,再エネの割合をどうすべきか,電源構成に占める再生可能エネルギーの割合を今後どうすべきだと考えますか。,無,主力電源とするべき,4,12,0.3333333333333333
21,再エネの割合をどうすべきか,電源構成に占める再生可能エネルギーの割合を今後どうすべきだと考えますか。,無,回答しない,2,12,0.16666666666666666
21,再エネの割合をどうすべきか,電源構成に占める再生可能エネルギーの割合を今後どうすべきだと考えますか。,維新,主力電源とするべき,31,38,0.8157894736842105
21,再エネの割合をどうすべきか,電源構成に占める再生可能エネルギーの割合を今後どうすべきだと考えますか。,維新,今の程度でよい,6,38,0.15789473684210525
21,再エネの割合をどうすべきか,電源構成に占める再生可能エネルギーの割合を今後どうすべきだと考えますか。,維新,回答しない,1,38,0.02631578947368421
21,再エネの割合をどうすべきか,電源構成に占める再生可能エネルギーの割合を今後どうすべきだと考えますか。,れいわ,すべての電源を再エネでまかなうべき,6,7,0.8571428571428571
21,再エネの割合をどうすべきか,電源構成に占める再生可能エネルギーの割合を今後どうすべきだと考えますか。,れいわ,主力電源とするべき,1,7,0.14285714285714285
21,再エネの割合をどうすべきか,電源構成に占める再生可能エネルギーの割合を今後どうすべきだと考えますか。,公明,主力電源とするべき,4,4,1.0
21,再エネの割合をどうすべきか,電源構成に占める再生可能エネルギーの割合を今後どうすべきだと考えますか。,保守,減らすべき,1,1,1.0
21,再エネの割合をどうすべきか,電源構成に占める再生可能エネルギーの割合を今後どうすべきだと考えますか。,参政,回答しない,1,1,1.0
21,再エネの割合をどうすべきか,電源構成に占める再生可能エネルギーの割合を今後どうすべきだと考えますか。,共産,すべての電源を再エネでまかなうべき,2,2,1.0
21,再エネの割合をどうすべきか,電源構成に占める再生可能エネルギーの割合を今後どうすべきだと考えますか。,社民,主力電源とするべき,1,1,1.0
22,選択的夫婦別姓の賛否,夫婦が希望すれば結婚前の姓を名乗れる「選択的夫婦別姓」の導入に賛成ですか。反対ですか。,立民,賛成,145,147,0.9863945578231292
22,選択的夫婦別姓の賛否,夫婦が希望すれば結婚前の姓を名乗れる「選択的夫婦別姓」の導入に賛成ですか。反対ですか。,立民,回答しない,1,147,0.006802721088435374
22,選択的夫婦別姓の賛否,夫婦が希望すれば結婚前の姓を名乗れる「選択的夫婦別姓」の導入に賛成ですか。反対ですか。,立民,反対,1,147,0.006802721088435374
22,選択的夫婦別姓の賛否,夫婦が希望すれば結婚前の姓を名乗れる「選択的夫婦別姓」の導入に賛成ですか。反対ですか。,自民,回答しない,78,179,0.43575418994413406
22,選択的夫婦別姓の賛否,夫婦が希望すれば結婚前の姓を名乗れる「選択的夫婦別姓」の導入に賛成ですか。反対ですか。,自民,賛成,53,179,0.29608938547486036
22,選択的夫婦別姓の賛否,夫婦が希望すれば結婚前の姓を名乗れる「選択的夫婦別姓」の導入に賛成ですか。反対ですか。,自民,反対,46,179,0.2569832402234637
22,選択的夫婦別姓の賛否,夫婦が希望すれば結婚前の姓を名乗れる「選択的夫婦別姓」の導入に賛成ですか。反対ですか。,自民,回答なし,2,179,0.0111731843575419
22,選択的夫婦別姓の賛否,夫婦が希望すれば結婚前の姓を名乗れる「選択的夫婦別姓」の導入に賛成ですか。反対ですか。,国民,賛成,24,27,0.8888888888888888
22,選択的夫婦別姓の賛否,夫婦が希望すれば結婚前の姓を名乗れる「選択的夫婦別姓」の導入に賛成ですか。反対ですか。,国民,回答しない,3,27,0.1111111111111111
22,選択的夫婦別姓の賛否,夫婦が希望すれば結婚前の姓を名乗れる「選択的夫婦別姓」の導入に賛成ですか。反対ですか。,無,賛成,8,12,0.6666666666666666
22,選択的夫婦別姓の賛否,夫婦が希望すれば結婚前の姓を名乗れる「選択的夫婦別姓」の導入に賛成ですか。反対ですか。,無,回答しない,3,12,0.25
22,選択的夫婦別姓の賛否,夫婦が希望すれば結婚前の姓を名乗れる「選択的夫婦別姓」の導入に賛成ですか。反対ですか。,無,反対,1,12,0.08333333333333333
22,選択的夫婦別姓の賛否,夫婦が希望すれば結婚前の姓を名乗れる「選択的夫婦別姓」の導入に賛成ですか。反対ですか。,維新,賛成,28,38,0.7368421052631579
22,選択的夫婦別姓の賛否,夫婦が希望すれば結婚前の姓を名乗れる「選択的夫婦別姓」の導入に賛成ですか。反対ですか。,維新,回答しない,9,38,0.23684210526315788
22,選択的夫婦別姓の賛否,夫婦が希望すれば結婚前の姓を名乗れる「選択的夫婦別姓」の導入に賛成ですか。反対ですか。,維新,反対,1,38,0.02631578947368421
22,選択的夫婦別姓の賛否,夫婦が希望すれば結婚前の姓を名乗れる「選択的夫婦別姓」の導入に賛成ですか。反対ですか。,れいわ,賛成,7,7,1.0
22,選択的夫婦別姓の賛否,夫婦が希望すれば結婚前の姓を名乗れる「選択的夫婦別姓」の導入に賛成ですか。反対ですか。,公明,賛成,4,4,1.0
22,選択的夫婦別姓の賛否,夫婦が希望すれば結婚前の姓を名乗れる「選択的夫婦別姓」の導入に賛成ですか。反対ですか。,保守,回答しない,1,1,1.0
22,選択的夫婦別姓の賛否,夫婦が希望すれば結婚前の姓を名乗れる「選択的夫婦別姓」の導入に賛成ですか。反対ですか。,参政,反対,1,1,1.0
22,選択的夫婦別姓の賛否,夫婦が希望すれば結婚前の姓を名乗れる「選択的夫婦別姓」の導入に賛成ですか。反対ですか。,共産,賛成,2,2,1.0
22,選択的夫婦別姓の賛否,夫婦が希望すれば結婚前の姓を名乗れる「選択的夫婦別姓」の導入に賛成ですか。反対ですか。,社民,賛成,1,1,1.0
23,同性婚の賛否,同性婚を法律で認めることに賛成ですか。反対ですか。,立民,賛成,129,147,0.8775510204081632
23,同性婚の賛否,同性婚を法律で認めることに賛成ですか。反対ですか。,立民,回答しない,16,147,0.10884353741496598
23,同性婚の賛否,同性婚を法律で認めることに賛成ですか。反対ですか。,立民,反対,2,147,0.013605442176870748
23,同性婚の賛否,同性婚を法律で認めることに賛成ですか。反対ですか。,自民,回答しない,90,179,0.5027932960893855
23,同性婚の賛否,同性婚を法律で認めることに賛成ですか。反対ですか。,自民,反対,67,179,0.3743016759776536
23,同性婚の賛否,同性婚を法律で認めることに賛成ですか。反対ですか。,自民,賛成,20,179,0.11173184357541899
23,同性婚の賛否,同性婚を法律で認めることに賛成ですか。反対ですか。,自民,回答なし,2,179,0.0111731843575419
23,同性婚の賛否,同性婚を法律で認めることに賛成ですか。反対ですか。,国民,賛成,14,27,0.5185185185185185
23,同性婚の賛否,同性婚を法律で認めることに賛成ですか。反対ですか。,国民,回答しない,9,27,0.3333333333333333
23,同性婚の賛否,同性婚を法律で認めることに賛成ですか。反対ですか。,国民,反対,4,27,0.14814814814814814
23,同性婚の賛否,同性婚を法律で認めることに賛成ですか。反対ですか。,無,回答しない,6,12,0.5
23,同性婚の賛否,同性婚を法律で認めることに賛成ですか。反対ですか。,無,賛成,3,12,0.25
23,同性婚の賛否,同性婚を法律で認めることに賛成ですか。反対ですか。,無,反対,3,12,0.25
23,同性婚の賛否,同性婚を法律で認めることに賛成ですか。反対ですか。,維新,賛成,23,38,0.6052631578947368
23,同性婚の賛否,同性婚を法律で認めることに賛成ですか。反対ですか。,維新,回答しない,10,38,0.2631578947368421
23,同性婚の賛否,同性婚を法律で認めることに賛成ですか。反対ですか。,維新,反対,5,38,0.13157894736842105
23,同性婚の賛否,同性婚を法律で認めることに賛成ですか。反対ですか。,れいわ,賛成,7,7,1.0
23,同性婚の賛否,同性婚を法律で認めることに賛成ですか。反対ですか。,公明,賛成,4,4,1.0
23,同性婚の賛否,同性婚を法律で認めることに賛成ですか。反対ですか。,保守,回答しない,1,1,1.0
23,同性婚の賛否,同性婚を法律で認めることに賛成ですか。反対ですか。,参政,回答しない,1,1,1.0
23,同性婚の賛否,同性婚を法律で認めることに賛成ですか。反対ですか。,共産,賛成,2,2,1.0
23,同性婚の賛否,同性婚を法律で認めることに賛成ですか。反対ですか。,社民,賛成,1,1,1.0
24,クオータ制の賛否,候補者や議席の一定割合を女性に割り当てる「クオータ制」の導入に賛成ですか。反対ですか。,立民,賛成,125,147,0.8503401360544217
24,クオータ制の賛否,候補者や議席の一定割合を女性に割り当てる「クオータ制」の導入に賛成ですか。反対ですか。,立民,回答しない,19,147,0.1292517006802721
24,クオータ制の賛否,候補者や議席の一定割合を女性に割り当てる「クオータ制」の導入に賛成ですか。反対ですか。,立民,反対,3,147,0.02040816326530612
24,クオータ制の賛否,候補者や議席の一定割合を女性に割り当てる「クオータ制」の導入に賛成ですか。反対ですか。,自民,回答しない,80,179,0.44692737430167595
24,クオータ制の賛否,候補者や議席の一定割合を女性に割り当てる「クオータ制」の導入に賛成ですか。反対ですか。,自民,賛成,50,179,0.27932960893854747
24,クオータ制の賛否,候補者や議席の一定割合を女性に割り当てる「クオータ制」の導入に賛成ですか。反対ですか。,自民,反対,47,179,0.26256983240223464
24,クオータ制の賛否,候補者や議席の一定割合を女性に割り当てる「クオータ制」の導入に賛成ですか。反対ですか。,自民,回答なし,2,179,0.0111731843575419
24,クオータ制の賛否,候補者や議席の一定割合を女性に割り当てる「クオータ制」の導入に賛成ですか。反対ですか。,国民,賛成,16,27,0.5925925925925926
24,クオータ制の賛否,候補者や議席の一定割合を女性に割り当てる「クオータ制」の導入に賛成ですか。反対ですか。,国民,回答しない,6,27,0.2222222222222222
24,クオータ制の賛否,候補者や議席の一定割合を女性に割り当てる「クオータ制」の導入に賛成ですか。反対ですか。,国民,反対,5,27,0.18518518518518517
24,クオータ制の賛否,候補者や議席の一定割合を女性に割り当てる「クオータ制」の導入に賛成ですか。反対ですか。,無,反対,5,12,0.4166666666666667
24,クオータ制の賛否,候補者や議席の一定割合を女性に割り当てる「クオータ制」の導入に賛成ですか。反対ですか。,無,回答しない,4,12,0.3333333333333333
24,クオータ制の賛否,候補者や議席の一定割合を女性に割り当てる「クオータ制」の導入に賛成ですか。反対ですか。,無,賛成,3,12,0.25
24,クオータ制の賛否,候補者や議席の一定割合を女性に割り当てる「クオータ制」の導入に賛成ですか。反対ですか。,維新,反対,29,38,0.7631578947368421
24,クオータ制の賛否,候補者や議席の一定割合を女性に割り当てる「クオータ制」の導入に賛成ですか。反対ですか。,維新,回答しない,6,38,0.15789473684210525
24,クオータ制の賛否,候補者や議席の一定割合を女性に割り当てる「クオータ制」の導入に賛成ですか。反対ですか。,維新,賛成,3,38,0.07894736842105263
24,クオータ制の賛否,候補者や議席の一定割合を女性に割り当てる「クオータ制」の導入に賛成ですか。反対ですか。,れいわ,賛成,7,7,1.0
24,クオータ制の賛否,候補者や議席の一定割合を女性に割り当てる「クオータ制」の導入に賛成ですか。反対ですか。,公明,賛成,4,4,1.0
24,クオータ制の賛否,候補者や議席の一定割合を女性に割り当てる「クオータ制」の導入に賛成ですか。反対ですか。,保守,回答しない,1,1,1.0
24,クオータ制の賛否,候補者や議席の一定割合を女性に割り当てる「クオータ制」の導入に賛成ですか。反対ですか。,参政,回答しない,1,1,1.0
24,クオータ制の賛否,候補者や議席の一定割合を女性に割り当てる「クオータ制」の導入に賛成ですか。反対ですか。,共産,賛成,2,2,1.0
24,クオータ制の賛否,候補者や議席の一定割合を女性に割り当てる「クオータ制」の導入に賛成ですか。反対ですか。,社民,賛成,1,1,1.0
